featureid	Intercept	ATTRIBUTE_adv_fibrosis[T.1]	ATTRIBUTE_adv_fibrosis[T.Missing: Not collected]
0035e736dc271e0ffa69ce089124dd3a	0.560529694827395	0.6834759776831012	-0.0957734319930449
00d4834e98bff02228bc6022ad218b38	0.323889196785289	0.6048169275164941	0.0042265694970712395
018aa6775f054d00a3af02b1f142bd7f	-0.768673314778012	-0.8113454515695229	0.0042265694970712395
019f30f6e7668fa412b214ddaa35c150	1.11349169996579	-1.3897159034967101	0.0042265694970712395
032d7370761369b7fe1503f280856be2	0.304057673486072	2.42688739945892	0.0042265694970712395
036388f9a19bd2d757a49bc5c90d5bb1	-0.24159546109835503	-0.413287037110295	0.123016175293408
0366e39a2c8c5aeaa60e42839a8b33e9	-1.0071349284331	1.18766308476928	0.0042265694970712395
039ff7a0517b5399a9c2730881803a67	-0.7655983111540501	-0.8483267957925458	0.0042265694970712395
046458accb7b41480cd34286470cb321	0.17500095156033602	-0.87431608984467	0.0042265694970712395
047deb8d4487fdad0974d834040878e9	0.0689602949937163	-2.50424408266541	0.0042265694970712395
04cb9758728cc0252facf11ec26bc1e9	0.39724129525025503	-0.786352270340886	0.0042265694970712395
04d3b821283da09518000a8d1d2a932c	-0.5968341967741669	1.4084652726889	0.0042265694970712395
05445c4f9c450918c096d9648cb47fc3	-0.9796766183058441	-1.1458702022790601	0.0042265694970712395
056d022e7adbe4ef6653efa05d5b8112	-0.767517342297238	-0.47149693319794106	0.0042265694970712395
0586856f6b3d82d26402ebeb6ab0d2bd	1.3820954420884402	1.18103391578201	0.0042265694970712395
06073f27927f39aa23835f8615c18e59	0.47738289919694	0.466084233427082	0.0042265694970712395
062b8e797ef1379f9596a536bb66e2a0	0.7675570258220009	0.810923746728931	0.0042265694970712395
06b03e0dc756f89f59053c51f1f8857e	-0.187806083885831	-1.41775821993348	0.0042265694970712395
076048a24f2e01c5f6b07bfcde6bbcd5	1.0462779262383801	-0.9387515718698158	0.0042265694970712395
076385a3338f153c0dd0c34c63b54726	-0.851369752613706	0.6836904785597111	0.0042265694970712395
084bd11440aa01be272959d533fea97d	-0.110810174671811	-1.89713095972535	0.0042265694970712395
09b9a7e1742fd59da816d47a095e0598	-0.333433403698606	-0.351270669198002	0.0042265694970712395
09fab3229ecdaa58a2d4c295ce4727fb	-1.3510133168379501	0.0660215084791523	0.0042265694970712395
0a0148ea6af5e104e1b6914ebf1eaea2	0.0804381528218565	-0.210155599808659	0.0042265694970712395
0b8cc4d724de9ee85b65f07cc69c0188	-0.650094642368955	1.3858146732092198	0.0042265694970712395
0ba75f593218ef056eefaeab285ae839	1.5446717002709698	1.78540981462005	0.0042265694970712395
0c4702bdfd953e02ae70334875bb30bc	-0.513661279408139	-0.123731606698002	0.0042265694970712395
0c959ee3a5a474df1114c327dd8cdcac	0.8675268748124421	-0.21509861299988198	0.0042265694970712395
0eb6108f3696ba51333a00f9cc5c1280	0.982679323228198	-0.720221155381169	0.0042265694970712395
0eb77b3c8d8d88187f3f52cbe9df4a79	0.8326563992818171	-1.0012166435479801	-0.160591493881263
1079bd4771c517f40a9981e35af997af	-0.39208944055239603	1.73939860513214	0.0042265694970712395
107b661f21ab8b339aef17657be1c21d	-0.36097641202609004	0.0452842777014119	0.0042265694970712395
10a95efad14ef023440b1ec49b8a14fa	0.5684785031994161	-1.06102752039429	0.0042265694970712395
10fa3c32fc7dc57a047d8425aadf459a	0.107229784997302	-0.404875033593144	0.0042265694970712395
1143b0ce174196bc1e4e71885c79cd98	0.0579767086823759	-0.15763460943695498	0.0042265694970712395
115b0f69461a0ec258dcc43e237d9de8	-0.383865072456998	-0.33368551084991904	-0.11766432184628399
11aa27badd53e050c47d272982cb6175	-0.474181308476132	-0.31245815107818997	0.0042265694970712395
11f79c2088f807350580a215b6cc8d2c	0.0856361546834288	-0.26203047583099803	0.0042265694970712395
12ab374bbcbca773c1b24323344c3ec0	-1.05636216613452	1.0129397576094	0.0042265694970712395
12dbd38a33d177b28a1d478a3facb0a5	2.54369603184064	-0.0909177596330303	0.0042265694970712395
1376e7f3d2e7593531e813f26f3d8178	0.32922966864903497	0.894179335737262	0.0042265694970712395
13cd1ff6368afea8c298e5bb682c32e1	-0.506489290920896	1.21429324796203	0.0042265694970712395
144080b4b2ddd9a2ccc1c5c8d094e2db	-0.779272451130551	0.160310632491146	0.0042265694970712395
144a8a0761623e5155406017e3b01f1b	0.417553172381717	-1.2339496547937099	0.0042265694970712395
167af3950c8f07239a4bace103652249	-0.6064160010496801	0.32529652764800604	0.0042265694970712395
1684fa87dbe9044a1b3897922ea8a1e6	-0.634870900837583	-1.23929511854645	0.0042265694970712395
178929d3e7f149a19dbd6b0edc66633b	-0.231418921677274	0.966588920855556	0.0042265694970712395
17b29972f080a8822f23f32bbb1dbd28	-0.34676034661928995	-0.7150167162179608	0.0042265694970712395
180bccc25d7cb14b842681cd60f52184	-1.12062133762042	0.689325544925068	0.0042265694970712395
182fdd322ef10ed818c1cdde48645a93	-0.6772415778319061	0.387755609059368	0.0042265694970712395
19edcf6c0570ece9971f1f335989b6b6	-0.8783978364149749	0.34824765374663896	0.0042265694970712395
1a397f48eb1d3813540e2bef3754dfa5	-0.9375591418425259	0.512084788584743	0.0042265694970712395
1b0d86a70df2b2233eeef3d2c1926e99	-0.0387857696692171	-1.3848891193628001	0.0042265694970712395
1b561fcf49918f8f616e07ea89d10f21	-0.8607561728636449	-2.01055120775696	0.0042265694970712395
1bd9d9f37d826664c155d89142ca56fa	0.22966657665570397	-1.2429989511727901	0.0042265694970712395
1d8165fdb60b336d1b5037f8baa60885	-0.308330013481778	0.5113076036215171	0.0042265694970712395
1df4294e43656136b5738149318f4bae	0.403786675008136	0.5118970786571839	0.0042265694970712395
1e97279577a0c2837fb3523e5f19b9ed	-0.62861145946185	0.605933993065391	0.0042265694970712395
1f251da4fb9d4eabdd9656d94837e13d	0.156681821616488	0.0779744451284748	0.0042265694970712395
1f3de3afa5d396fa83833d10e4499aac	-1.51959563705127	1.1104081635713898	0.0042265694970712395
1f900c1399976efbb5929907bf4a1dc5	0.9445120849927241	0.85788272967342	0.0042265694970712395
2110daa46f6055a65e12ae86cb75ca59	1.58475266483625	0.9799254303217271	0.0042265694970712395
2185af0fb67a28d45ca0b367331adc90	-0.11751599523226598	1.22311872889999	0.0042265694970712395
22e25006af8b68c46b8001516cfce47c	0.7267653652747449	-0.478684776520695	0.0042265694970712395
244e79b6f9f8f16c768333ca8249faf3	-0.259553506104154	1.09742582490448	0.0042265694970712395
24f6d31b1b0eb3d76fac3cffd2db369e	1.8502453425248402	0.0863796537161213	0.0042265694970712395
2509172f2ac0a5fce409ddf41d80b911	1.2233800151666	0.6381167573273521	0.0042265694970712395
25ec8c65fd45f43f81694ff2f279f5cb	0.216654465468722	0.714939217025076	0.0042265694970712395
26cf1477e1d853cb324d53e19c422534	-2.1731882235686	-0.910552614426579	0.0042265694970712395
2777d51da8330eb78d869d46dd35701e	-0.8506100318113979	-0.75038289377686	0.0042265694970712395
2808147dd4a152f1d9765de2a5e58c19	-0.69460917922656	-0.607643955445256	0.0042265694970712395
28a02f8e5fcae1d3b8d41678bf1276fd	-0.662119641033811	-1.05794643709656	0.0042265694970712395
28a67d86ae4c22b0cba002309ffb3e95	0.6799740948994929	0.4166472618818621	0.0042265694970712395
28af6f2d710209598f3676863200b972	0.117125646146136	0.509340695047413	0.0042265694970712395
28d07b43cbf55db2244f4c778ce1f975	-0.29234774324099394	-1.6783130104303	0.0042265694970712395
291653d38b7c00fac5a261b94c884df5	-1.6820833823363	0.420297718548809	0.0042265694970712395
294c73f341a85aeddcd89da47b6e958b	-0.33411557885806	0.8008809377789841	0.0042265694970712395
29777dcc44cecace55a88e347fc99289	0.0182482459863005	0.664001353958283	0.0042265694970712395
2979c877ea3a9babda609affb260668c	0.603022788586217	-0.6472977335214269	0.0042265694970712395
2984aa4bc8addecd801f5101d8dd139b	0.67328327980836	-4.2372441257820796e-05	0.0042265694970712395
2b7f4f8106fa017d586757cc83c80e7d	1.22886900690396	1.2193203037023899	0.0042265694970712395
2bdda82d3efc213ff088b660722be1fc	1.17993728903134	-0.502653830742802	0.0042265694970712395
2d1747734eba0370c871c6d2537f96a5	-1.10392273875873	-0.75278174231049	0.0042265694970712395
2d8fff9c9041a9d61515acda045eaca8	-0.847659840313596	-0.19483869621750302	0.432092275881253
2e7aa0362a016d28378469add68f251a	-0.635515823094052	-0.6982450420617718	0.0042265694970712395
2eb15a6e35d5214137b1f0571d4c31b2	0.905662761004764	0.8841735338211401	0.0042265694970712395
2ec03eb9ff08517ba7059353b93f7065	0.322083980711299	-0.6311345035791059	0.0042265694970712395
2ed762ffceda0c2dc67e9ae95d1fb858	-0.244633807865781	-1.98711418459412	0.0042265694970712395
2edf779ef11d889a9532e620fda1bbf2	-1.8606693885008503	-1.26959215948578	0.0042265694970712395
2fc1c858776003addaf081a465cda6d7	0.6056407326181711	0.176008350157772	0.0042265694970712395
3016a9e9b5477abbaed4a5e7e46e472d	-0.9316588780562108	0.266188926005397	0.0042265694970712395
30b93edb9da6514908a6c6d0846780c9	1.52321194198926	-0.47707211325165205	0.0042265694970712395
3192141a1bfa63f914992aa083b88bf0	-0.42856027099291705	0.7629953538418159	0.0042265694970712395
31b4a92e41933b13e3182509ebcd71e6	0.38244557467301504	1.55231089046005	0.17105337645956098
321dc63a979dc22642a64d2215b8cb48	0.39057250407536603	0.9377270405531271	0.0042265694970712395
32435799593cab0561cd045427289ad3	0.7575947650988871	-0.11521905014511502	0.0042265694970712395
324f74ed30924e8be842a3795966795b	0.8576095559914879	0.12414217641357	0.0042265694970712395
330ecd6db6cc2c9b2017df5c06fb44f5	0.17378868249257198	-1.47751187632081	0.0042265694970712395
343818157f4f127c085e6a10819f0293	2.6552424290498102	-0.661031120514836	0.0042265694970712395
349f0ce7bd599ea31326fc91ccad9fa0	0.853684649737674	0.0180574124098164	0.0042265694970712395
35841b633732fc98d6bc6a0056cdb239	-0.662062301365537	-0.7322294647454879	0.0042265694970712395
35def52a34fbd75d08ef99a87b5251da	0.188729570182162	-1.4754035408258102	0.0042265694970712395
366e1f460c03fdd4bd7cc0e057822c56	0.321396336825686	-0.42584561655518005	0.0042265694970712395
3765ba38c305b7a81a848d5944ffed5d	0.657187663884955	-0.677131050324406	0.0042265694970712395
3912f2d704ed3e2ba3e3d90c41077b22	0.468875401588279	-0.393465393280949	0.0042265694970712395
39237bb119555009591d94f05d26b687	-0.33570440026919296	0.32458291103843295	0.0042265694970712395
39a58f651c08acda2e17e78b8446bfb9	0.0908009567578612	0.45313430478576205	0.0042265694970712395
3a2a812b26a0df79b008f0ca30844218	-1.42291988345782	1.0776515369654	0.0042265694970712395
3a310b6569a9286a63fe0df9132c9ca1	-0.740492953983945	0.7563577209949829	0.0042265694970712395
3a5909be04517640fdbb12ae33fc1583	-0.7119546076933571	-0.788932316994633	0.0042265694970712395
3af77f61440c961b00a5680d028c4626	-0.409461869923276	0.619176155829464	0.0042265694970712395
3d62127ea3d28c88ed7ddffbf18a7b00	0.366821155818301	-1.77123927423951	0.0042265694970712395
3d7f155024af16ecbe4c9baefdd571be	0.479748980077106	0.703356427082453	0.0042265694970712395
3dc9ef37b3ffe1d40a8ea4fc9d84049e	1.22056596067746	-1.0410543615579302	0.0042265694970712395
3e35f34f961d4e7cd679469b45e275c8	1.02137978461583	0.0960925882101399	0.0042265694970712395
3e39b3f42e529bb7066031355b24ca96	-1.46638609382312	-1.17948841402527	0.0042265694970712395
403c041e80ba86b5db9b18cbbe1cbbe1	0.618719485523301	-1.538526528573	0.0562792983288393
40abdb0e14dcfa9bbd98093be82ee94e	-0.12286509486834402	0.0818455879927021	0.0042265694970712395
41ac582194f67aa6ab674ec82573c2b5	-0.506595148770017	1.0336822633982	0.0042307865256891
4251f94d4d170c086abb3b9a1c6640dc	-0.00367970678011798	0.605828373634849	0.0042265694970712395
4406f3eb1ae57a70779be8c390005457	-0.6327039143721279	-0.604375475144352	0.0042265694970712395
442f26f4b1b49cf82c5b3dde9d26c597	1.2559777357896103	0.578571542108093	0.0042265694970712395
44ca52da7565d522dc2ca06fe3e04773	0.15877328899701199	-0.5044645006417889	0.0042265694970712395
4508ce20c9b99a6e1c24fd3afdbc1e2f	0.34932321396668503	0.521182543540035	0.0042265694970712395
4598c94ad0e162b8633fb82b922ebead	0.144343600543338	-0.967213743424382	0.0042265694970712395
45ab30c38f355f09d51928c50da2bc68	-0.400625004498166	-0.155876033997502	0.0042265694970712395
481c305c95fa5e6e7e2d28292ae905c0	0.7568710753043469	1.1300063793898	0.0042265694970712395
48f492c25437bab2d78bb4d747cbc70d	0.9376125195344269	-0.48049198935028503	0.0042265694970712395
49328f5f8728ef311c514a37ffbad3ba	-0.434466316429776	1.1370049481630702	0.0042265694970712395
494ab48e20c85b62fa830597ed37ac6e	0.10467578557332101	0.270700222754512	0.0042265694970712395
499ecc7637c4d1ab5ae97da3e9cba959	0.0290981390794096	-0.0430537397622722	0.0042265694970712395
4a914ec19d1bba9197a8f32c50f5c222	0.465407610805827	-0.17764710733887099	0.0042265694970712395
4ad398dfb22c95f482778fc33da8928f	0.851931468518573	1.2039769952536001	0.0042265694970712395
4bf5c21a2a4ee4548f9e285742248d21	0.0263259270509062	-0.0437892014741558	-0.0697035356973782
4c09794b35e2d5135fdf737936ff444a	-1.1977425954024	-0.7729930813073771	0.0042265694970712395
4c151c5e7e467ba2ad8de19a3c38cbe4	1.60447429207166	-0.21979665110107802	0.0042265694970712395
4c25b8be76070246953849e3931a78c6	-1.1035225531737	2.51186013867858	0.0042265694970712395
4d55e63cdb1b7a7822f22a85e8f5d194	0.9109677532037079	-0.0672593052148479	0.0042265694970712395
4d6260a53130a16e117fb642303e49e3	-0.327343239514035	-0.155953877663578	0.0042265694970712395
4deeef4aa3231abf469afec860b7b1ea	-1.01977445098559	1.3165459101438899	0.0042265694970712395
4e54c9f4797cb6b01fe6e98b642bd722	0.0619116583188353	1.1169093613863301	0.0042265694970712395
4edb3ac5701e09f5632597022039c2dc	-0.20837880584399104	0.17907393624785997	0.0042265694970712395
4f58134f94dcf8659b1f099bf0f015bd	0.488398239882785	0.0911372368574482	0.0042265694970712395
4f60b6ec77f3b9876e39e12205a6241d	1.17309938457807	-0.573812597489323	0.0042265694970712395
4f62877e8441ef5dc44272bb9ff12516	-0.7814997574965179	-0.54747795412537	0.0042265694970712395
4f9d5b9ff31b4a26d23c9fead0fd9854	-0.427440001694364	-2.62576221773621	0.0042265694970712395
50018b26827d030222e211282029967f	0.6296885990818321	0.47130303730968104	0.0042265694970712395
50cad4a5adf639b23b7b5de87699027c	0.7279574730714141	0.9678416614771229	0.0042265694970712395
5273ce647f4acaeb89c468b6efe9aa6b	1.06716547993024	0.6601309822291479	0.0042265694970712395
53cb1796cbb423bcd59853acdf63befe	0.9508411743958771	1.9740411107778897	0.0042265694970712395
5496aec8a9c0d433c508fb6f7dfcaf78	-0.339268936840695	-0.33618723700043107	0.0042265694970712395
54e3ef405d9d82cfed4858f3191c2522	-0.625519289700192	0.6946429646924479	0.0042265694970712395
5852572a553ed731a4e55f2f31166213	-0.539922489849729	0.743997051322494	0.0042265694970712395
595f319f8389892b679a9808499773a7	0.6829078429659189	0.27670097997192	0.0042265694970712395
5a470d4de6ca618485520b31a42c6c81	-0.630457057682675	0.43205562880042603	0.0042265694970712395
5a4e273f7676200b9f326cbd4d152c3e	1.20753471639951	0.37592536857131503	0.0042265694970712395
5b4e936782da10249603e94105689a6f	1.07860075023969	0.6387211633265361	0.0042265694970712395
5b6819174fd0f152eff3540434a9099f	0.000837967665987982	0.408187872672115	0.0042265694970712395
5cd81c2ee6e0930b660708de941e5dc7	-0.8700461527983371	-0.12049280951019699	0.0042265694970712395
5ce87b85a2c236ab97317777b6bf2b43	0.907288924725848	-0.324454658722844	0.0042265694970712395
5d20c1cab689137637afcaea2ddf81bf	0.702242151769	-0.544468038773503	0.0042265694970712395
5d2c67819b4dd934f18321dcdc75cf85	-0.378213896481198	-0.8586150343179358	0.0042265694970712395
5d6c8094421e22fa24e09de3169f49b4	-0.48424805614153793	-0.978328817582096	0.0042265694970712395
5da632cd05d4c51155c84f79abe9886d	-0.432889117924375	-1.11981653521058	0.0042265694970712395
5e9049b2c572a23ecd8e653ff17863d8	-1.2869677683989198	-1.11448060820099	0.0042265694970712395
603269a3b352213aa8b5c35403e7c54c	0.26809321430523997	0.32274458458427	0.0042265694970712395
60c3d2d124c601e0216eeeded539d72c	0.96859820273717	-0.271727078652348	0.0042265694970712395
60ce88f9ab28679aca218e340048a806	-0.7760064742247289	1.0456243818045001	0.126041766666852
614121d78c65949bf83f36071dd70e2e	-2.6159329554716804	-0.7251180345773358	0.0042265694970712395
614624c42f237886dcdd818fc472fb5d	0.0140877225716887	0.333579427504573	0.0042265694970712395
6235fc07c99bddf9a7c1246ffe3479c0	1.33984057691892	0.896196610236202	0.0042265694970712395
623d4b1f3bfc9035fce6c6b9e4770c17	0.594804157437879	-0.0436068708657879	0.0042265694970712395
6383ad32dcb0746a9105d5b2889e4d94	-0.6997381589094821	0.8401447599172931	0.0042265694970712395
64547bf6472c65ef743f879d2cb51ed1	-1.04657758685748	2.39623737981323	0.0042265694970712395
64a5bd9e81c2c23ef2ad6809621ba50a	-0.9684324404875458	0.792726985120807	0.0042265694970712395
65be199c65c170c40371cc174de2c851	0.7206386783440891	0.407218432927166	0.0042265694970712395
65c2682f7bb0a7ca7a5cc16056bc751e	-0.7541682860533421	0.31935600092414396	0.0042265694970712395
6685ebdcbd592a11bcade2ce2e61ff48	1.3925556996186599	1.46462065627578	0.0042265694970712395
673f35456833511faf50d20e7b52bba3	-2.09958316299121	1.9274569814443898	0.0042265694970712395
67b49641b8c69f2103b1857659b96919	-0.6241673371473969	0.600432812178169	0.0042265694970712395
68439a901a0322eefc160db816883618	-0.0138076088110628	-0.41952311346527504	0.0042265694970712395
685d661e4238006d97ea0795061fe596	0.257500962289172	0.295469886565242	0.0042265694970712395
68e54b098806983578aa55a8a336b070	-2.48411299201648	-1.8548068935632398	0.0042265694970712395
6a08cb4e6538fd4a86dcf18e9b0ac61e	0.769034192832309	0.521182424330745	0.0042265694970712395
6a1b582de7b3f9763f16a1ce7638001a	0.8858971753438291	0.5954588343739851	0.0042265694970712395
6ada1894e8751478446e203a6e6f6a20	-0.6196090123335539	1.16457737138275	0.0042265694970712395
6b1c040ba39da9a97050e22279fa905f	-0.436410083500546	0.457190222048793	0.0042265694970712395
6ba039413a4b798ba234b05c568ff300	-1.05110658618609	1.0391060178518599	0.0042265694970712395
6bb4cb3ba94ce1ff8a0b314567a5cd7c	-0.171833886830014	-0.0636042887925762	0.0042265694970712395
6c903495eed7f746c1e698bba5bd964d	2.57373212364514	-0.7970445091485641	0.0042265694970712395
6c90663c477e7f4e9579268aa17ea772	1.72728549030622	-1.04798805067536	0.0042265694970712395
6d5494c1817ab8e78c82df8715b66a6f	-0.29843051644961305	0.322082675004039	0.0042265694970712395
6d9723650cc7a9fe6774f74824a25559	0.373804391296702	-1.67697810480591	0.0042265694970712395
6d99887e26ec8097adb13884b6d1eb9a	-0.32186956617037704	0.355541742348705	0.0042265694970712395
6eb8902c3177a97c9f2e57d12773ae77	-1.29034544440905	-0.433631890511479	0.0042265694970712395
6fb6825f358dab295bb75413cd34d9e6	1.2863375404198898	-2.52900671312806	0.0042265694970712395
70b2a96e3e6ba285e642e5a40e1fecc8	-0.632013334957761	0.570523126924072	0.0042265694970712395
70d4d129e3ae7df3e7d87ebb69f40896	-0.976459397999448	-1.8619871074914598	0.0042265694970712395
71b646c82731aa8e14f60ee428337721	-0.439796342579526	-1.2196967537164298	0.0042265694970712395
720b8629516a86a903f5af7af53b7117	0.24574636009534	0.820437571907077	0.0042265694970712395
724dece7c572c5e0d5aabf61684111fb	0.226683334382373	1.5717860524893101	0.0042265694970712395
72bbe4a287a9358bcb1cffe3e005cfef	0.0638369181474028	0.984761900210415	0.0042265694970712395
72cc979ba8da278c94f110404fc069b0	0.29724343207677	-0.0419853861093181	0.0040808808440790005
735f80a25dc1dbfb472e5ee4b4f1d286	-1.18063463184039	-1.11014198610779	0.0042265694970712395
748c0c5cd69842c5ba9e5a98280c4516	-1.0328865191618601	0.633273179584776	0.0042265694970712395
74ef5447fa19d579f9d3bed4c6654474	-1.80991889449756	-1.4419646198510803	0.000739586019001939
752bd1d79c0c4b87cf6effa1c86651b0	1.69997988727887	-2.34880613634583	0.0042265694970712395
772ab63ab56baf28c6f3b2a1b0075634	0.16133891132672398	-1.9903929168939298	0.0042265694970712395
77c77000bf5115dbd9a9342325100d42	-0.19936044427554	0.33102462341788796	0.0042265694970712395
79626515a53b0c7b8a047b7c163d0f66	-0.46682073089281895	-0.44286608049866105	-0.0304283905392065
7974a034303060583acc9dbfc74de3f2	-0.7395402333418549	1.6981391971350102	-0.67449537251047
7a22ca8303eded142da7b70496d02795	-0.42973984691302203	-0.579775207734074	0.0042265694970712395
7a33678b1463be51c553eb7821ac3b09	-1.27041675063769	-0.0677158171891826	0.0042265694970712395
7a70ce6bb13f5167bede7b43a1d86f01	-1.5277288100401598	1.04511354019645	0.0042265694970712395
7a8a3ea574c644071faa7b47d5511238	-0.740338577953977	-0.0219721729516643	0.0042265694970712395
7a911427193391d0b2c384e18b713ad4	-1.14126576396624	1.33755231549743	0.0042265694970712395
7b0a2ad2b90f9123c74deb26ae96aedb	-0.610684289662045	0.9807773297071801	0.0042265694970712395
7bd83101a766509806e42691607470b0	0.18979437735875196	1.48203749110702	0.0042265694970712395
7cf0743afc783340edd6a9e9759304ea	0.343881622823077	1.1130590205431299	0.0042265694970712395
7d77e5a1807f89e7ee7cf109a12d0048	-0.508175387112302	-0.839568012452092	0.0042265694970712395
7d78b969269c46b250a80654eb6a4251	0.19415967253048996	-0.6942402059793129	0.0042265694970712395
7e0948d3f269fef488b41440df51482c	0.20942013052304398	-1.46258258173462	0.0042265694970712395
7fbcbf2697ea52be4208cd3cbfdcc286	1.58984838512738	-0.53979825327393	0.0042265694970712395
7fec8b00615260af68f5d4b7314c4d04	0.19606678274472303	-0.42168104002472295	0.0042265694970712395
8009c048fad294823700aa90d2d91894	0.210609720023471	-0.89390575239655	0.0042265694970712395
808bc90e2dab697086c56232d18862bf	0.23057879594166897	-0.16517477581497597	0.0042265694970712395
8120b387936396139e36ac6f385753b8	-0.47907628032366706	-1.59931563684937	0.0042265694970712395
82d34e9e04feeed4f09533846e3eb2ea	1.13984839704831	-0.184520834183659	0.0042265694970712395
83263d3306d8346b785dfc310055a105	2.09292219665845	1.58318025519851	0.0042265694970712395
832c0802efe61204586cbbefee574d43	1.32940660503705	-0.21934079477783602	0.0042265694970712395
832f796fc3b4ba672983927356e7a7f5	-2.16367889854113	-0.24434023449417497	0.0042265694970712395
843f626129cab7cb4f5e6676e975c712	-0.20084716293017302	0.431113428378139	0.0042265694970712395
848d548df3ba169e99ef1e9c96645f59	1.46429763820966	0.647167581075464	0.0042265694970712395
849097ea0d304318e4c355bbd3bd4251	-0.0884414455572786	-1.1174269850015301	0.796620991491757
84d1975b8c1ba784963824e181fa73f1	1.38499908235868	-0.537461155152287	0.0042265694970712395
8701e9c68ed626d8a60f4f74bc94785e	1.5618909457047798	-1.21466516802308	0.0042265694970712395
870d738f96343666586f1873c9431786	0.8272631624062831	1.16576177527908	0.0042265694970712395
87b2ee3ab5930cf0663d663ff1b3c524	-0.8029402634779631	-1.90230821917054	0.0042265694970712395
88714ef7f6b86666122c83189ac872b7	0.249926493438083	0.4689559852123599	0.0042265694970712395
8906c43cbd5e72d65ed9e7aacd1c2321	-1.2116528889815	2.41169131448272	0.0042265694970712395
8961b2c066b9831aa8d5d1ff78eed0fa	-0.979288234440488	0.931949875259433	0.0042265694970712395
8a2e1afd19e676b810eb7233ed1cc09c	-0.6196472785154999	1.51505506684784	0.0042265694970712395
8d84a48b9d29c89d2ce52a99de784502	0.0464314081986723	-0.34951292822357605	0.0042265694970712395
8e1376b2f43f2b926aa075c7f8c32783	1.7949194767793	-2.5708084041833503	0.0042265694970712395
8f30095c79f05c488ff7d347fdcd6ba7	0.8258593240102109	1.43197876861099	0.0042265694970712395
901b6e2bf2d45cfa9b38a99784cd0459	-1.29885531875293	0.0629713599920613	0.0042265694970712395
903073388ae623c308de49cd01a6c4ff	-0.24433536740939002	-0.244251960015263	0.0042265694970712395
91720e09ee278db8ee2c937a392586f4	-0.332918359963101	-0.666447752213444	0.0042265694970712395
9194baafefba6aec8e09ef29e2de5ecf	-0.773969425884885	-0.9075523550271649	0.0042265694970712395
91b62d5bb70abc40922bc564f0d8b1d9	0.7474146493991191	0.0036715333700519897	0.0042265694970712395
932f192fe38ce6331f8a5cadfd29836b	-0.304303660122556	-1.17792093107697	0.0042265694970712395
94339fd999feeede310ccc2e5c29c13b	0.45917977479298705	1.24376536061767	0.0042265694970712395
9485b85b5c81043b85a849131809c92b	-1.02681209060351	-1.76761888811585	0.0042265694970712395
955287728630f0cefd34fb45b1b54128	-0.6984710833708471	-2.8688020641565	0.0042265694970712395
957f95a6ca60c29d47ff479b7c59b2ce	0.0942249455769835	0.137840396666561	0.0042265694970712395
9586835d2b2ff91fd5a6eb5b28774d59	1.04001294163068	0.94035882403854	0.0042265694970712395
9602473cf813adbcc281ba567540c549	-1.22857667419116	1.62954122474197	0.0042265694970712395
96a38c4d8bff5f7b26911e8f50a1d85c	-0.0728768846670809	-0.168857568001713	0.0042265694970712395
96b403a72b908f4441f02ac6993f79d4	0.9122309544404329	0.37529567530158603	0.0042265694970712395
96b63d6b4ce39aece7efeb1675c42e06	0.11455272224743901	-0.8244165117501869	0.0042265694970712395
970a14da24871415983b69441900e5a6	0.109589652093249	0.49002469232085794	0.0042265694970712395
97235f11463b4db153613d6d10261bcf	0.655874581011134	0.532236746454273	0.0042265694970712395
986d83db46b5955830abf6830069636b	-1.51593400451342	-2.33576678583619	0.0042265694970712395
98b7208db5feec16ae9a85cd4f7918cc	0.0813329675515471	0.145739681029354	0.0042265694970712395
98cdb0d3a156cdd21f4c084a1f4d0ea3	1.10846410778363	-0.0724511081933635	0.0042265694970712395
9969f855ad8971ca4749bb7a05e6ac1b	-0.514031185833615	-0.059141867852177	0.0042265694970712395
9a0e990ce36e4a6aa9c78a25866a6b1c	2.0836055138428997	0.17337507655624	0.0042265694970712395
9a56c07f693103d8fab1577b12acaeb7	-0.372548176972074	-0.442174070572819	0.0042265694970712395
9acbf2ff99617ad7c19f0df8fb9ca191	-0.689521445957822	-2.35270094225403	0.0042265694970712395
9b58756d5fe505a4cd0ab4917e5e3ce3	-0.41488356801669	-2.1791951591729797	0.0042265694970712395
9b84c805e4c71f0a252f4173e4f02087	1.4832908370812699	1.14620164682869	0.0042265694970712395
9ba4174ca64cdefdcee3fe1170f194a7	0.8722122171243009	-0.379664056992497	0.0042265694970712395
9ce434d9afbe075f1f0bd256080ff380	1.31257473018964	0.80255317589048	0.0042265694970712395
9d0781966c031bc3fdb942a12bac0919	0.0637069800217924	-1.8810484344720502	0.0042265694970712395
9d3664902e2848338dd710fded7d8434	0.937463090689975	1.0756539469004	0.0042265694970712395
9dc1a7aa79a19d0af5f57efc077a8113	-0.7876794478575408	0.46984717895988004	0.0042265694970712395
9dd676aad8ea16d260669e5d05e760e1	-0.9574682852904021	0.36190906813148105	0.0042265694970712395
9e2c7416a860af0b0d508dba6fc92435	0.9239425518830601	-1.6122007305383301	0.0042265694970712395
9ed4529ba7e6d5dd18a088f51acd3d2f	-2.02780105086963	0.0359528725386006	0.0042265694970712395
9ee35380150b6621a94414fdaaaeea80	1.35251198795636	0.6999302496552811	0.0042265694970712395
a034fb1344d70182e6c1764a793da4e1	0.703887195261317	0.38900128653052896	0.0042265694970712395
a0bba404a20faeb9aa7284b8dfeead45	1.36657427337964	0.6099967350602491	0.0042265694970712395
a10b9485192a432207411e06e09e8a05	-0.7334765336195649	0.0694029991865498	0.0042265694970712395
a191ba0c81e99a2746b41862959b1f65	-2.22779942962329	-0.44364439795013794	0.0042265694970712395
a1ad8a398dc166e7e246dddf4e9c8fee	-0.51494802447955	-1.39228772470948	0.0042265694970712395
a3add878e27388f8780285e51c87d2e6	0.0503542878945646	-0.333597415184941	0.0042265694970712395
a3c65614e729e80175476e665b43f18e	0.17101274517377	0.7446691570222719	0.0042265694970712395
a4641bb02eeb483565eb6431b88cb47a	1.34124498155912	-1.1326093609094299	0.0042265694970712395
a523e233fe10b32684ee30830808419b	-0.36671145173708797	0.978447950387035	0.0042265694970712395
a539eb46f673449658bbe7e8ac1894f4	0.7174455085118591	1.47962368180755	0.0042265694970712395
a608b73c0ad523665d4b0bf672b69264	0.7354494192918121	-0.10257922956940099	0.0042265694970712395
a62df1758f79a282bbecf3a5ebbe9e3f	-0.269287481037778	-1.9642817909478798	0.0042265694970712395
a90201da5254675a4c227b5bac127c8a	0.281047479184466	0.46257547190192794	0.0042265694970712395
a9745636f9279ceebb3bf9342c71fdde	0.8538505592664059	-0.5029256279229779	0.0042265694970712395
a9c713124e43137a0b1acc9abd796d74	0.17354618099530303	0.0355192487478596	0.0042265694970712395
aa0dd516561bb2664b67250fe12e6d52	-0.45284487220446507	0.0955608551740986	0.0042265694970712395
aa6b4c72ce8f060cfadb4f3aa04aae7e	-0.31893177243868703	0.5811522295117719	0.0042265694970712395
ad649fbff0b4b5230be4a45ddbae14bd	-1.30263878318469	-2.07078670809266	0.0042265694970712395
ae108dfd97562b516483b10fcb6ad774	-0.11463947507540599	0.579487970972095	0.0042265694970712395
ae800abf76b2463f243462d0087f24be	-0.48489679309527295	-0.362492197251286	0.0042265694970712395
af5277d3a76513c89e3866acd7eac9b1	-1.04835094424884	-0.88430201361176	0.0042265694970712395
af969c1ba8fff12b48903257d54b4ff7	0.7786402710994059	-0.34728681395050504	0.136756178402387
afdd27db87440b95a8df618ec7cd5b28	0.9018884160836519	0.517963669204746	0.0042265694970712395
b0b6bdbc09e57a306ff859b3f9adc4b7	1.42681859520276	0.543336919450794	0.0042265694970712395
b103180ada6c12b996a0245d756cdbcd	-0.185651852814359	-0.37297212431427396	0.0042265694970712395
b1302801fbc5829d853e8ee382482902	1.9973976471741999	-0.9864035780191078	0.0042265694970712395
b13651169e0f0015c330f6080f7b292b	-0.5589881083647429	-0.7530976469278	0.0042265694970712395
b1641320e489f96bb9ddd6b08a7e574e	-0.442861213413877	-0.541151278710331	0.0042265694970712395
b1e0e60327ee164331030579b42ea15b	-0.028859092919033998	-0.386201017594303	0.0042265694970712395
b222f266be06a8e07c6b63b8f83ed52d	-0.45126093837420395	0.303530788922344	0.0042265694970712395
b236489c3eb893c45126b85ff87f5199	0.262951389821368	1.2268073623419098	0.0042265694970712395
b2faca9333d3d39634f881e9ffe7df99	0.0693480530103026	-0.725622766709294	0.0042265694970712395
b305fbc0550e631b00e6684f16e9b5e1	1.19234769132932	0.20125801017287803	0.0042265694970712395
b35212961b70908c3795dcf2d9b5ed90	0.361837000521022	-0.0165442759751934	0.0042265694970712395
b3bd28196cec46aac2b353f4dda2f7c4	-0.609511508671445	0.699811435246502	0.0042265694970712395
b4d3ccd5aae2d3e9feaaaac507d8a475	2.01894114998181	-1.5199065143823303	0.0042265694970712395
b4fecc4cdb5c100430cea76ce41beedd	0.40344579604466496	0.0124304359197956	0.0042265694970712395
b591a5b10d81884ab46dca87ee7c4e5f	-1.24425066920916	0.499432153010402	0.0042265694970712395
b62c5abc69bb23f24ad9fba1c910da57	0.32167404976685604	-0.243966155743565	0.0042265694970712395
b6726454659b6df5b665d54fe00a7d07	-0.9165358683745091	-0.319966190552677	0.0042265694970712395
b69ea3bd46c6798c34d90f6e8a6d5b38	0.8664258280118281	-0.8111213381051678	0.0042265694970712395
b6e4d4020f52a4604d1e6daa5427e45f	-1.8802437922636699	-0.0742102796792644	0.0042265694970712395
b78c4dce98aad9c792e6af5ad0cbca8e	-1.08578373405139	-0.9891753132104529	0.0042265694970712395
b7ab402cb930bfa22e05b8b4c3318441	-0.487366213528317	-1.97237991640564	0.0042265694970712395
b7bcda5afb7583ae62cee8713cc80eb0	-0.358378722397489	0.3873568241834979	0.0042265694970712395
b800dc46c74ef6c1fc7c2901342993ef	-0.0948358914534273	2.08494878461364	0.0042265694970712395
b863d26307bc8734f50a3bb637cae6c1	0.089572475226718	-0.49586259672638394	0.0042265694970712395
b88289a6da54ad61fca21f4ecab92fd9	0.0359318712075529	2.6078068082571404	0.0042265694970712395
b88b90766a29709156d8d6bf744b3b77	0.7344597288688001	1.6050508086920101	0.0042265694970712395
b8ba19a450edc1f2912470e6680748d5	0.213285461934405	1.03341577103141	0.0042265694970712395
b92328571f8a28ad2daf49c3cf483959	-1.81109358283679	0.123373276495968	0.0042265694970712395
b9d0d8cbd02d4156cefd38457c7f06e3	-1.07570661517779	-0.007316404080356941	0.0042265694970712395
ba00cc8f3193bbc8528c19d2c319aadc	0.5137299941201979	-0.0801119143724102	0.0042265694970712395
bab3b8161ad7366762c166a6fac1155b	-0.530699505535764	-0.828886740899052	0.0042265694970712395
bab8312885fc1fa8f8ff139b690ac2d6	-0.253899886337918	-1.2198799783944698	0.0042265694970712395
bbe446335e00a3f2bd6817751919283c	0.547884217398363	-0.515563481545414	0.0042265694970712395
bc99966491be811744221e33c760a3a2	-1.3260396859328	-0.604652398323979	0.0042265694970712395
bda88ff783ddec16a20a6db33dc7666a	0.37063440767128997	0.0984963839292866	0.0042265694970712395
bdefa263a7f5ed1326379a38cd78fff5	-0.22200031491915603	0.170008427405391	0.0042265694970712395
be1b66a41f03dfb0dc2c514928de1059	1.04407887247403	1.60937590053085	0.0042265694970712395
be74d1c895ab2273c8c64e44d68e5c37	1.6806921818574199	-0.943675034737553	0.0042265694970712395
bf22c56739cef9618a7838ca63e1a004	-0.5720079085509	-1.5156903202295	0.0042265694970712395
bf34e60b1af1e0576973be68b096c716	1.1736101367791498	0.511446959281002	0.0042265694970712395
bf768c5ad59721a1f7db66e54e6a6022	0.171172485621768	-0.5439741546868939	0.0042265694970712395
bfbbea461e08f14e07a9ed1caa4d9d32	-0.126730932919187	0.22978196194175304	0.0042265694970712395
c0095c69fee5c767903814b366fcb860	0.765074179442721	1.0954070155859301	0.0042265694970712395
c105049a81dcab19d86f141a691ab5fb	0.23155157354672498	0.44192687323096796	0.0042265694970712395
c15aceb19a90d600ecac9a00f995d40b	-0.439656867710752	-0.19561427185532	0.0042265694970712395
c16df5992ac155fdf565f7464e71cc87	-1.3231722256819398	1.4158161347151101	0.0042265694970712395
c1aa71656d6e2ef3535930d0b09ca012	0.06658344057400799	-0.223923617100682	-1.2726165983443603
c294be97ec778564ec2ac71118ebd0e0	-0.147812916962308	1.00429729273323	0.0042265694970712395
c30da14c29b7278f82e9455d2c50d887	-0.9780235430876439	-0.0469494993447918	0.0042265694970712395
c3615245c0f79689ed51853458222e5e	-0.599236979214353	1.00022644450668	0.0042265694970712395
c3d2f8317da599aca8b740c02483a8db	0.7796789118369399	0.0374736254453999	0.0042265694970712395
c4072a4cebaed2ae18764f402d5b8c43	-1.16222728702227	-1.48610281298157	-0.00947326008132841
c4192d79c51612cc5f490f64b784ebe3	0.163659051926929	-0.762376659607853	0.0042265694970712395
c448d8449cefa25fc0ec05ff90f19d16	-0.9877845189253509	-1.04434608767029	0.0042265694970712395
c4d6166935fd0d296f6d8c0da0b45813	-0.0977268955389681	-0.311456077790226	0.0042265694970712395
c64b643a9b99fb7ebebca6fbb0c70081	0.19766862777073999	0.357251740002666	0.0042265694970712395
c714d2c7ce377da926ee097a2469ce47	0.0340540268739042	0.8513640825987201	0.0042265694970712395
c83b4c4a8551ff37a515cacc65bb8451	0.5764231783618511	0.973553574585949	0.0042265694970712395
c8a152b739f7a2e23b2d0da21c29edb2	-0.309588625160855	0.31488905003074197	0.0042265694970712395
c931335b5ed73a08971f6a3b45860b1c	0.139020101102191	-0.11492013285156699	0.0041660335297212395
cbd291bcbb3230523c2d69a92e729307	0.479913190873462	-0.40660905191894897	0.0042265694970712395
cc36117a24a9d32e2569fbd90a510a0e	2.33994411018689	0.625556881481443	0.0042265694970712395
cc6f5ff1b8854150b3639682349bba40	0.424242065223056	0.0126304691076619	0.0042265694970712395
cdc151e8f6e1c2cb5f01e728ccfb0a24	0.167149082692462	-0.338519685959782	0.0042265694970712395
cdf8d23687cfc324485e2bd3e0094ff2	-1.3351732632796	1.84259379556182	0.0042265694970712395
ce74aa0d0e36e0107ddc01dc0d8c3698	-0.0563358208815279	0.7377645214438779	0.0042265694970712395
ce74eb4399e352608374738daa0be18e	2.3832746603806805	0.8181541626692159	0.0042265694970712395
ce80f463ee07791eefe9408e8bcd3f84	2.20846234348615	1.00993630936149	0.0042265694970712395
cf5098e7af4ecd84ff440bd0ac6302d1	-1.43491281482379	-2.02692365000245	0.0042265694970712395
d0851833673999708486322c054eda96	-0.7022196194807709	-0.760928981995549	0.0042265694970712395
d0f740aa20d0b728fc48bc82dab6e744	0.14321272161801402	-1.45974301645752	0.0042265694970712395
d1bce1e9a737c1904962ad8fa54cb922	0.151347056897479	0.42269832541946	0.0042265694970712395
d1f9f0ab16daf896381c4c4c18a44c4f	0.5430053872336921	0.705832361185585	0.0042265694970712395
d2d192859cf3d66719f7e808e52081fe	-0.556372775761289	1.03721848776344	0.0042265694970712395
d2db4c8806f5f6a40fee293cb4f88f7d	1.16483615425428	-0.337091320252385	0.0042265694970712395
d2ef3361261cc1d835ad59394bfe161c	1.67705629852613	1.17569211771492	0.0042265694970712395
d450dbfefa52006c4ebd54a7f0722124	-0.190994038311643	-0.11612891504761201	0.0042265694970712395
d49b933216498ccb080d8aa7ce5d3902	-0.224593355385465	0.0679131214857441	0.0042265694970712395
d5cc60bea702e172dfc486ff90b2d833	-1.97146369430224	-0.39677500078674705	0.0042265694970712395
d602f8d1cf53eeb99d5c867c4951c7da	-0.14765055390994	0.186547703051601	0.0042265694970712395
d629cf094bd7e863119e809170dcd4ef	-0.9960132977644621	1.02733714034561	0.0042265694970712395
d6777f2f64f5f361fbe11671a1d1506b	-0.0905061504522982	-3.19289278337952	0.0042265694970712395
d69bca88f6e06a9bf95f92036612ec4d	-0.326643182961148	-1.61283373186585	0.0042265694970712395
d6b4da72db5f7100005c69bd05b5a1d0	0.493819617601233	1.1065018539667502	0.00422657694765184
d767b833f84d129cee429be488b83612	-1.92562128516833	1.57477784802917	0.0042265694970712395
d7f53d565ddad50a72c6e247cb0176be	0.0925672509988127	0.36724320700172	0.0042265694970712395
d85055024382817f7a7cae9b6f90e6c2	-0.447693361965817	1.1745608513594	0.0042265694970712395
dadd574d3949eca2c1799749d879c43f	-0.728596582142514	0.801703496778045	0.0042265694970712395
db5624d26038327ffac379e07a620826	1.34629766729673	1.78945565869812	0.0042265694970712395
db77705855bc4611e9c4fedca4b4f926	0.88617764499982	0.994396305584942	0.0042265694970712395
dc273dc4015d7ed2d53d4cdf92feb94b	0.400635064514476	-0.0552020008325237	0.0042265694970712395
dc534ccd9d1fbf4c9a911d1e5bf8f46d	1.17320291784604	-0.7819666797876019	-0.38192776176980897
dc6e584b1cd741e67057420035c8c9f0	0.309626893075305	0.07694078137878	0.0042265694970712395
dcc022fda592bdf768e6f6767bae117d	-0.7173862597624481	1.2681203549147	0.0042265694970712395
dd18372466519dbc60ccc1a2f6d41594	-1.5989377638975801	1.1788248186350199	0.0042265694970712395
de2991a5ae9988bacb128344ac073998	-1.42034722778003	0.8501183306217529	0.0042265694970712395
de744f71f5a9b894ed35f0bb987e0121	0.0807129302342711	-0.654625528550114	0.0042265694970712395
debf4776e9c113511d86b1857777da4d	-1.0080715558211	0.3838752274752	0.0042265694970712395
df557d4d920e194a4a77b31020032cb7	-1.10104657622973	0.9167779003620491	0.0042265694970712395
df7ebd49149af50fb8863704c74b50a3	0.673616447420913	0.168863899016414	-0.0637106183534041
e04d1529095dcfb7fba8f0a521832f1f	-1.5497539183775602	0.429603374505077	0.0042265694970712395
e0db8a4243456c8ee5d4ad8c9de898c9	-0.26642484876315	-0.962896459794011	0.0042265694970712395
e28d5b86225319bebe5147820442bc7d	0.00410293129284955	1.2143811648130802	0.0042265694970712395
e29d408b71dc282c019bd9bd860d26fb	1.07323448446591	0.0870601003408772	0.0042265694970712395
e4163c1c125b5dc9081966b12e678443	-0.838638081280393	-1.36347841570374	0.0042265694970712395
e46580d96503f006afbd619956421324	0.48439320263465	-0.985920303559269	0.25601356890150195
e5266fbbeed9752768f008eecad48380	-0.80468739482562	-0.29301851341721	0.0042265694970712395
e58325a9ce96598fe286262c077d2213	-1.7467394015471203	-1.93772672960755	0.0042265694970712395
e5bf7514fb17c3c00749f64e3c80e84f	-0.805139794079465	-1.07704877207276	0.0042265694970712395
e6a8b04abe0af664a2fb1173132a8029	0.377956346543628	1.16912434151176	0.0042265694970712395
e6ef187711168eeebbeeb00bf69d9f94	-0.6257118127028171	1.0871902768850699	0.0042265694970712395
e71b39da80da186ffaeded75fe447b32	0.0695527651627836	0.10476107051375899	0.0042265694970712395
e72a3965dcf50f656c02d5586459e32c	0.44750991550286406	0.323597407841716	0.0042265694970712395
e72e203556a29a1c8654d31ce51ff905	0.240130023034411	-0.394319408631291	0.0042265694970712395
e86102774cfab2c0050166b3d61491a5	1.00640027311643	2.48101652314666	0.0042265694970712395
e887748809cda3efb2ddd3849b1826b6	-0.231762900082273	-0.8874822790383949	0.0042265694970712395
e9696ac7ed2ec29e60ff1c68f68d11bf	0.6317806178053199	-0.209432118630375	0.0042265694970712395
ea6a161da6a679a9f3b5d8168de9786e	-0.296150400368375	-1.50585722277161	0.0042265694970712395
eada3b20ce76583c70b47f66fcdeb2f1	0.338668093951541	-1.92984103510376	0.0042265694970712395
eb50ec7b58155493acf849ef2363be0b	-1.63500310393969	1.3126834695578	0.0042265694970712395
ebe817a2d10c35f683edac23c18b130a	1.4462635972817701	1.59189350059036	0.0042265694970712395
ec1a4997451d12e30a5c89e337f986c7	0.8344972887357051	0.9989405637026172	0.0042265694970712395
ece33962c9a0afcbe9d280259cf1f54a	1.01619459775289	0.25807899882796803	0.0042265694970712395
ed1fa890b9fddbae8a156515be549533	-0.189794852463407	1.26335371186737	0.0042265694970712395
ed351befb40bc8747f4218782f8e698c	0.746408314379054	-0.23870640347000502	0.0042265694970712395
ed3a44853319e7c7bc2d91254f3242c2	-0.00964327069918536	1.68695831944946	0.0042265694970712395
ee704d35d7d21e2f6c7f9cf18d98a784	-0.0947943470160189	-1.40241836855408	0.0042265694970712395
eed976c95213e985b6d61792ce147efe	-0.17833359452883601	-2.0455491478204397	0.0042265694970712395
eee197f078d9940d3c859053e21a8639	0.665381723018485	-2.06786822626587	0.0042265694970712395
ef746520a43958e2697766c8cd7449b5	1.25211964634259	0.0580647652387959	0.0042265694970712395
f167b6ae3728741f9ccb1e7af5643a96	-0.5838798424879731	-0.20199649879929002	0.0042265694970712395
f16fb9a4556296869e4f5e582a914dd2	-1.14839030715625	2.69933105161193	0.0042265694970712395
f174e3629110b9080182a65e91cd4735	0.11090518620808698	0.46504995872977795	0.0042265694970712395
f22d068e602dfd7c54b1da0d413f24b8	-0.0579706570784273	1.3536564772367798	0.0042265694970712395
f2ce14c1db823e2344b185819f1a290c	0.0292680719216643	-1.20941733667847	-0.8221479389434231
f2f726783cd21a5199ae7d1f539ae0cb	-0.9186853310743991	0.0341693823576313	0.0042265694970712395
f3441827440ce77890cf8d33607403fb	-0.0879569790045442	1.79072142293457	0.0042265694970712395
f39a5dfaec9818fffdc02f7f385c8fe5	-0.36548538419405796	-0.7673616344689979	0.0042265694970712395
f3c9367e79341d7de4456c32b588b86f	-0.7933192393461891	0.7830706154346809	0.0042265694970712395
f411d6c82cf901b0b5d3b12a3ee23f84	-0.423972978321713	0.5574608360767701	0.0042265694970712395
f4299d2a4552b4cdb50df79eeca2d012	0.6761972465833009	-0.19321506569382102	0.15202048089452802
f4cc53e028dc6662d2d88764dc5c0bce	0.305412248643237	-0.10227840492722001	0.0042265694970712395
f60bad419253254a83bdb2054de6fff2	1.24073563602765	1.0960265760660501	0.0042265694970712395
f60cb6ee4fa754369a3ceac7573bddfb	0.0164559939225493	0.301374471688305	0.0042265694970712395
f614ae4c3ac1f7cbe4dd9688b92c9b29	-0.8648694893995941	-0.445371859765019	0.0042265694970712395
f62af8c65910e88428153195434f38af	0.24651511100132997	-0.37111734697815396	0.0042265694970712395
f6481aaf8f5c213c93b1c0aa2a03a7f2	-0.7888893029371921	-0.303786211705174	0.0042265694970712395
f79b8c5e94bcae401549a07f2dcbddf3	1.02281721022924	0.0582243268728596	0.0042265694970712395
f7dd0dbd9e8f975d44295498a1c3aa85	-0.325505330292386	0.623099702352319	0.0042265694970712395
f899c85493ecad078783dcace15868db	-0.38990653964678706	-0.0675479705094951	-0.39468327496103206
fb17488f97464761104dddec78885479	0.5896305115242779	0.991396403813396	0.0042265694970712395
fb758530086adf438d5ebe8f83847f2d	0.835872040065127	1.31501019647125	0.0042265694970712395
fc6931386367002a15c8854e10f1411f	0.0959964850266752	-0.570466511940922	0.0042265694970712395
fc81ed8373e77dc1051c32775cbe8156	0.37303666857083395	-2.140821450448	0.0042265694970712395
fc9ed967c73557234a3a59e5f3921dcb	-0.531303300587338	-0.9043810302972449	0.0042265694970712395
