	cdf8d23687cfc324485e2bd3e0094ff2	fb758530086adf438d5ebe8f83847f2d	d2ef3361261cc1d835ad59394bfe161c	0ba75f593218ef056eefaeab285ae839	3d7f155024af16ecbe4c9baefdd571be	c0095c69fee5c767903814b366fcb860	54e3ef405d9d82cfed4858f3191c2522	6ba039413a4b798ba234b05c568ff300	53cb1796cbb423bcd59853acdf63befe	f7dd0dbd9e8f975d44295498a1c3aa85	2edf779ef11d889a9532e620fda1bbf2	144080b4b2ddd9a2ccc1c5c8d094e2db	9e2c7416a860af0b0d508dba6fc92435	41ac582194f67aa6ab674ec82573c2b5	db77705855bc4611e9c4fedca4b4f926	2185af0fb67a28d45ca0b367331adc90	5852572a553ed731a4e55f2f31166213	0c959ee3a5a474df1114c327dd8cdcac	8906c43cbd5e72d65ed9e7aacd1c2321	94339fd999feeede310ccc2e5c29c13b	5b4e936782da10249603e94105689a6f	4deeef4aa3231abf469afec860b7b1ea	4508ce20c9b99a6e1c24fd3afdbc1e2f	2984aa4bc8addecd801f5101d8dd139b	6383ad32dcb0746a9105d5b2889e4d94	901b6e2bf2d45cfa9b38a99784cd0459	2eb15a6e35d5214137b1f0571d4c31b2	ae800abf76b2463f243462d0087f24be	87b2ee3ab5930cf0663d663ff1b3c524	c4072a4cebaed2ae18764f402d5b8c43	5d6c8094421e22fa24e09de3169f49b4	2979c877ea3a9babda609affb260668c	c1aa71656d6e2ef3535930d0b09ca012	71b646c82731aa8e14f60ee428337721	2fc1c858776003addaf081a465cda6d7	b1641320e489f96bb9ddd6b08a7e574e	9485b85b5c81043b85a849131809c92b	9b58756d5fe505a4cd0ab4917e5e3ce3	f3c9367e79341d7de4456c32b588b86f	832c0802efe61204586cbbefee574d43	d49b933216498ccb080d8aa7ce5d3902	35def52a34fbd75d08ef99a87b5251da	c105049a81dcab19d86f141a691ab5fb	28a02f8e5fcae1d3b8d41678bf1276fd	2ed762ffceda0c2dc67e9ae95d1fb858	178929d3e7f149a19dbd6b0edc66633b	076048a24f2e01c5f6b07bfcde6bbcd5	d2db4c8806f5f6a40fee293cb4f88f7d	7d77e5a1807f89e7ee7cf109a12d0048	8e1376b2f43f2b926aa075c7f8c32783
TW-CO-002	0.0	0.0	0.0	0.0	0.0	0.0	0.0	0.0	0.0	0.0	0.0	0.0	0.0	0.0	0.0	0.0	0.0	0.0	0.0	0.0	0.0	0.0	0.0	0.0	0.0	0.0	9342.602	0.0	0.0	8805.025	0.0	0.0	0.0	0.0	14700.2525	0.0	0.0	13908.575	0.0	0.0	0.0	0.0	0.0	0.0	0.0	0.0	0.0	0.0	0.0	0.0
TW-BT-001	0.0	0.0	0.0	0.0	0.0	0.0	0.0	0.0	0.0	0.0	0.0	0.0	0.0	0.0	0.0	0.0	0.0	0.0	0.0	0.0	0.0	0.0	0.0	0.0	0.0	0.0	0.0	15144.791	0.0	5294.196999999999	8300.2965	0.0	0.0	20913.9045	0.0	0.0	0.0	0.0	32452.8365	6740.221	104090.6035	0.0	5868.7155	28165.106	0.0	0.0	27263.175	0.0	0.0	21152.0465
TW-CA-002	0.0	0.0	0.0	0.0	0.0	0.0	0.0	0.0	0.0	0.0	0.0	0.0	0.0	0.0	0.0	5511.9025	0.0	0.0	0.0	0.0	0.0	0.0	0.0	0.0	0.0	7405.821	0.0	5773.0790000000015	0.0	0.0	11388.901000000002	0.0	5299.343000000002	0.0	88143.091	0.0	0.0	19243.7	0.0	10962.098999999998	0.0	0.0	6582.587	0.0	0.0	0.0	5959.218000000002	0.0	0.0	567411.4285
TW-BD-002	0.0	0.0	0.0	0.0	0.0	0.0	0.0	0.0	7273.603	0.0	0.0	0.0	0.0	0.0	0.0	0.0	0.0	0.0	0.0	0.0	6565.142	0.0	0.0	0.0	0.0	0.0	0.0	0.0	0.0	0.0	0.0	5724.648	0.0	0.0	7706.249	0.0	0.0	0.0	0.0	0.0	0.0	0.0	0.0	0.0	0.0	17566.0895	13724.545	0.0	0.0	0.0
TW-AV-001	0.0	0.0	0.0	0.0	0.0	0.0	0.0	0.0	0.0	0.0	0.0	5322.596	0.0	0.0	0.0	0.0	0.0	0.0	0.0	0.0	0.0	0.0	0.0	8760.581	0.0	0.0	0.0	0.0	0.0	0.0	17468.538	0.0	113044.0515	45965.445	0.0	38894.7885	0.0	0.0	0.0	0.0	0.0	60909.8355	126273.365	0.0	69618.935	152339.693	28396.5565	497497.739	0.0	0.0
TW-BS-002	0.0	0.0	0.0	0.0	0.0	0.0	0.0	0.0	0.0	0.0	0.0	0.0	0.0	0.0	0.0	0.0	0.0	18157.827	0.0	6567.4209999999985	0.0	0.0	0.0	6300.7455	0.0	0.0	0.0	0.0	0.0	0.0	0.0	0.0	0.0	0.0	0.0	0.0	0.0	0.0	0.0	0.0	0.0	0.0	0.0	0.0	0.0	0.0	0.0	0.0	5537.924	0.0
TW-BJ-001	0.0	0.0	0.0	0.0	0.0	0.0	0.0	0.0	0.0	0.0	0.0	0.0	0.0	15971.141	0.0	32530.364	13571.8565	110524.607	0.0	141276.531	0.0	19343.492	0.0	0.0	0.0	0.0	0.0	18291.386	0.0	0.0	0.0	0.0	0.0	0.0	0.0	0.0	7051.913000000001	0.0	0.0	0.0	0.0	48672.0395	0.0	0.0	0.0	0.0	0.0	7294.254	30165.057	13734.9755
TW-CC-002	18672.936	22803.241	21344.5925	0.0	13296.56	25901.0425	0.0	10540.662	37982.028	8240.5265	0.0	21536.4505	5739.677	0.0	0.0	0.0	0.0	0.0	0.0	0.0	50601.821	0.0	0.0	0.0	0.0	22815.4275	0.0	21111.26	0.0	0.0	22128.142000000003	38810.4475	17417.7655	0.0	0.0	15908.9715	7317.513000000001	0.0	0.0	25288.585	6029.35	0.0	32825.5665	0.0	0.0	59061.7575	212940.0195	0.0	0.0	34929.5305
TW-BU-002	0.0	0.0	0.0	0.0	0.0	0.0	0.0	0.0	0.0	0.0	0.0	61430.2165	0.0	0.0	0.0	26044.1715	0.0	0.0	0.0	6076.0795	0.0	0.0	0.0	159251.361	0.0	0.0	10358.6785	0.0	0.0	0.0	0.0	0.0	0.0	0.0	0.0	0.0	0.0	0.0	5033.2475	0.0	0.0	0.0	0.0	0.0	0.0	46184.8415	5878.9635	0.0	12248.1475	0.0
TW-BO-002	0.0	0.0	0.0	0.0	0.0	0.0	0.0	0.0	0.0	0.0	0.0	0.0	0.0	0.0	0.0	14460.6765	0.0	16653.3405	0.0	24334.211	0.0	0.0	0.0	0.0	0.0	0.0	0.0	0.0	0.0	0.0	0.0	0.0	0.0	0.0	0.0	0.0	0.0	0.0	0.0	0.0	0.0	0.0	0.0	0.0	5511.611	0.0	0.0	0.0	0.0	0.0
TW-BK-001	64210.4955	69592.5055	85749.2835	75909.9095	23270.453	143065.666	0.0	0.0	172565.1085	0.0	0.0	0.0	0.0	0.0	74726.1375	0.0	0.0	0.0	0.0	0.0	162797.7715	0.0	0.0	0.0	0.0	0.0	0.0	0.0	0.0	0.0	0.0	0.0	0.0	0.0	0.0	0.0	0.0	21547.1375	0.0	0.0	0.0	0.0	0.0	0.0	0.0	0.0	0.0	0.0	0.0	0.0
TW-AW-001	8317.697	12635.338	0.0	8354.445	0.0	21103.134	0.0	0.0	27944.2525	0.0	0.0	0.0	0.0	0.0	9548.669	0.0	0.0	0.0	0.0	25203.477000000006	20957.1555	0.0	0.0	0.0	0.0	0.0	8592.572	5544.646	0.0	0.0	0.0	0.0	0.0	0.0	0.0	0.0	0.0	0.0	0.0	0.0	0.0	0.0	0.0	0.0	0.0	0.0	0.0	0.0	30971.148	0.0
TW-AX-002	0.0	0.0	5276.2715	6688.4325	0.0	7427.0905	0.0	0.0	12160.1155	0.0	0.0	0.0	0.0	0.0	8392.6915	16229.7835	0.0	28508.849	0.0	0.0	14778.6855	18259.575	0.0	0.0	0.0	0.0	0.0	5523.5945	0.0	40452.1845	0.0	0.0	0.0	0.0	0.0	0.0	0.0	0.0	0.0	16646.6185	9003.1315	54606.828	0.0	0.0	0.0	0.0	0.0	0.0	39571.877	18479.8965
TW-BG-001	0.0	0.0	0.0	0.0	0.0	0.0	0.0	0.0	0.0	0.0	0.0	0.0	0.0	0.0	0.0	0.0	0.0	0.0	0.0	0.0	0.0	24562.6285	0.0	0.0	0.0	0.0	0.0	0.0	0.0	0.0	0.0	0.0	0.0	0.0	0.0	0.0	0.0	0.0	0.0	0.0	0.0	0.0	0.0	0.0	0.0	0.0	0.0	0.0	0.0	0.0
TW-CH-002	0.0	0.0	0.0	0.0	0.0	0.0	0.0	0.0	0.0	0.0	0.0	0.0	0.0	0.0	0.0	0.0	0.0	0.0	0.0	23000.916	0.0	0.0	0.0	0.0	0.0	0.0	0.0	0.0	0.0	0.0	0.0	0.0	0.0	0.0	0.0	0.0	0.0	0.0	0.0	0.0	0.0	0.0	0.0	0.0	0.0	0.0	0.0	0.0	0.0	0.0
TW-AW-002	0.0	0.0	0.0	0.0	0.0	0.0	0.0	0.0	0.0	0.0	0.0	0.0	0.0	0.0	0.0	0.0	0.0	0.0	0.0	0.0	0.0	0.0	0.0	0.0	0.0	0.0	0.0	0.0	0.0	6045.149	0.0	0.0	0.0	0.0	5967.218000000002	0.0	0.0	0.0	0.0	0.0	0.0	0.0	9244.56	0.0	0.0	0.0	0.0	24051.348	0.0	0.0
TW-BZ-002	0.0	6866.965	0.0	0.0	0.0	0.0	0.0	0.0	12664.557	0.0	8111.368	0.0	5240.7925	0.0	0.0	0.0	0.0	0.0	0.0	0.0	10247.9	0.0	0.0	0.0	0.0	0.0	0.0	0.0	0.0	0.0	0.0	0.0	0.0	0.0	0.0	0.0	0.0	0.0	58641.6365	33880.5825	117215.8345	19116.5965	0.0	65019.6735	0.0	0.0	0.0	0.0	26110.3325	0.0
TW-BD-001	0.0	0.0	0.0	0.0	0.0	0.0	0.0	0.0	0.0	0.0	0.0	0.0	0.0	0.0	0.0	0.0	29336.1555	0.0	0.0	0.0	0.0	0.0	0.0	0.0	0.0	0.0	0.0	0.0	15586.082	0.0	0.0	0.0	0.0	0.0	0.0	0.0	0.0	0.0	0.0	0.0	0.0	0.0	0.0	0.0	0.0	0.0	0.0	0.0	21903.9965	0.0
TW-AG-001	0.0	0.0	7690.757	16979.0045	0.0	9581.1815	0.0	0.0	19462.307	0.0	0.0	0.0	0.0	0.0	26065.0575	0.0	0.0	0.0	0.0	10296.639	35059.705	0.0	0.0	0.0	0.0	0.0	0.0	0.0	0.0	0.0	0.0	0.0	0.0	0.0	0.0	0.0	0.0	0.0	0.0	0.0	0.0	0.0	0.0	0.0	0.0	0.0	0.0	0.0	0.0	0.0
TW-CV-001	0.0	0.0	0.0	0.0	0.0	0.0	0.0	0.0	35213.624	0.0	0.0	0.0	0.0	0.0	0.0	0.0	0.0	0.0	0.0	0.0	0.0	0.0	0.0	0.0	0.0	0.0	0.0	0.0	0.0	0.0	0.0	0.0	0.0	0.0	0.0	0.0	0.0	0.0	0.0	0.0	0.0	0.0	0.0	0.0	0.0	0.0	0.0	0.0	0.0	0.0
TW-CK-001	0.0	0.0	0.0	0.0	0.0	0.0	0.0	0.0	0.0	0.0	0.0	0.0	0.0	0.0	0.0	0.0	0.0	0.0	0.0	0.0	0.0	0.0	0.0	0.0	0.0	0.0	0.0	0.0	5590.984	0.0	0.0	0.0	0.0	0.0	0.0	0.0	0.0	0.0	0.0	0.0	0.0	0.0	0.0	0.0	0.0	0.0	0.0	0.0	0.0	0.0
TW-CU-002	0.0	0.0	0.0	0.0	0.0	0.0	0.0	0.0	0.0	0.0	0.0	0.0	0.0	0.0	0.0	0.0	0.0	0.0	0.0	0.0	0.0	0.0	0.0	0.0	0.0	0.0	0.0	0.0	0.0	0.0	0.0	28941.4115	0.0	0.0	0.0	32300.5875	0.0	0.0	0.0	0.0	0.0	0.0	0.0	0.0	0.0	0.0	0.0	0.0	0.0	0.0
TW-AO-001	0.0	0.0	0.0	0.0	0.0	0.0	0.0	0.0	0.0	0.0	0.0	0.0	0.0	0.0	0.0	0.0	0.0	0.0	0.0	0.0	0.0	0.0	0.0	0.0	0.0	0.0	0.0	0.0	28806.058	0.0	0.0	0.0	0.0	0.0	0.0	0.0	0.0	0.0	0.0	0.0	0.0	0.0	0.0	0.0	0.0	0.0	0.0	0.0	0.0	166760.8425
TW-AE-002	0.0	0.0	9635.4255	18096.346	0.0	12477.9315	0.0	0.0	23121.9755	0.0	0.0	0.0	0.0	0.0	17877.6555	8382.386999999999	0.0	0.0	0.0	9227.698	38779.804	0.0	0.0	10084.8605	0.0	0.0	0.0	0.0	0.0	0.0	0.0	0.0	0.0	0.0	0.0	0.0	0.0	0.0	12525.171	0.0	0.0	0.0	0.0	10890.8455	49387.00900000001	0.0	0.0	0.0	0.0	0.0
TW-BQ-001	0.0	0.0	0.0	0.0	0.0	0.0	0.0	0.0	0.0	0.0	0.0	0.0	0.0	0.0	0.0	0.0	0.0	0.0	0.0	0.0	5199.465	0.0	0.0	0.0	0.0	0.0	0.0	0.0	0.0	0.0	0.0	0.0	0.0	0.0	0.0	0.0	0.0	12504.2315	0.0	0.0	0.0	0.0	0.0	0.0	0.0	0.0	0.0	0.0	0.0	0.0
TW-AF-001	0.0	0.0	0.0	0.0	0.0	0.0	0.0	0.0	0.0	5430.3255	0.0	0.0	0.0	0.0	0.0	0.0	0.0	0.0	0.0	16932.4635	0.0	0.0	0.0	0.0	0.0	0.0	0.0	37682.311	0.0	0.0	0.0	0.0	0.0	0.0	0.0	0.0	0.0	0.0	0.0	0.0	0.0	0.0	0.0	0.0	0.0	0.0	0.0	0.0	0.0	0.0
TW-CF-001	14493.6925	17032.249	26693.159	43618.5735	9217.1825	33285.52	0.0	0.0	71085.5895	0.0	14733.151000000002	0.0	9574.154	0.0	39752.4205	0.0	0.0	0.0	7920.3935	0.0	80367.332	0.0	42713.81200000001	0.0	11805.0695	0.0	0.0	0.0	0.0	0.0	0.0	0.0	0.0	0.0	0.0	0.0	0.0	0.0	0.0	0.0	0.0	0.0	0.0	0.0	0.0	0.0	0.0	0.0	0.0	0.0
TW-CT-001	0.0	0.0	0.0	0.0	0.0	0.0	0.0	0.0	0.0	0.0	0.0	0.0	0.0	0.0	0.0	0.0	0.0	0.0	0.0	0.0	0.0	0.0	0.0	0.0	0.0	0.0	0.0	0.0	0.0	21127.282000000007	0.0	0.0	0.0	0.0	0.0	0.0	0.0	0.0	0.0	0.0	0.0	0.0	0.0	0.0	0.0	0.0	0.0	0.0	0.0	0.0
TW-BM-002	0.0	0.0	0.0	0.0	0.0	6286.9265	5886.016	0.0	6623.9	0.0	0.0	0.0	0.0	0.0	0.0	13784.475	0.0	0.0	21815.273	5259.9385	6514.3955	0.0	0.0	0.0	6027.5355	0.0	0.0	0.0	0.0	0.0	0.0	0.0	0.0	0.0	0.0	0.0	18914.9585	0.0	0.0	21549.837000000003	0.0	0.0	0.0	0.0	0.0	0.0	0.0	0.0	0.0	0.0
TW-DA-002	0.0	0.0	0.0	0.0	0.0	0.0	0.0	0.0	0.0	0.0	0.0	0.0	0.0	0.0	0.0	0.0	0.0	0.0	0.0	18094.6835	0.0	0.0	0.0	49343.44	0.0	0.0	0.0	0.0	0.0	0.0	0.0	0.0	0.0	0.0	0.0	0.0	0.0	0.0	0.0	0.0	0.0	0.0	0.0	0.0	0.0	0.0	0.0	0.0	0.0	0.0
TW-DP-002	0.0	0.0	0.0	0.0	0.0	0.0	0.0	0.0	0.0	0.0	0.0	0.0	0.0	0.0	0.0	0.0	0.0	0.0	0.0	0.0	0.0	0.0	0.0	0.0	0.0	15029.1055	0.0	0.0	0.0	0.0	6103.7345	0.0	0.0	55829.1065	0.0	0.0	0.0	0.0	0.0	0.0	0.0	0.0	0.0	0.0	0.0	0.0	0.0	0.0	0.0	0.0
TW-BG-002	0.0	0.0	0.0	0.0	0.0	0.0	0.0	0.0	0.0	0.0	0.0	0.0	0.0	0.0	0.0	0.0	0.0	0.0	0.0	0.0	0.0	0.0	0.0	6827.679	26370.499	0.0	0.0	0.0	0.0	0.0	0.0	0.0	0.0	0.0	0.0	0.0	10061.2645	0.0	33603.1715	0.0	0.0	0.0	0.0	65600.483	0.0	0.0	0.0	0.0	118941.829	0.0
TW-BO-001	0.0	0.0	0.0	0.0	0.0	0.0	0.0	0.0	0.0	0.0	0.0	0.0	0.0	0.0	0.0	0.0	0.0	0.0	0.0	0.0	0.0	0.0	0.0	0.0	0.0	0.0	0.0	0.0	0.0	0.0	0.0	0.0	0.0	0.0	0.0	0.0	29286.4495	0.0	0.0	0.0	0.0	0.0	0.0	0.0	0.0	0.0	0.0	0.0	60456.478	0.0
TW-CE-001	0.0	0.0	0.0	0.0	0.0	0.0	0.0	0.0	0.0	0.0	0.0	0.0	0.0	0.0	0.0	0.0	0.0	0.0	0.0	0.0	0.0	0.0	6256.8085	0.0	0.0	9162.1275	0.0	6957.9795	0.0	0.0	6957.335	27692.2	0.0	13381.584	0.0	0.0	0.0	0.0	0.0	16521.57	0.0	0.0	7133.901	0.0	0.0	0.0	0.0	0.0	0.0	0.0
TW-CN-002	11406.9925	11475.713	18895.947	23076.196	5363.248000000001	30437.0355	0.0	0.0	47194.5865	0.0	0.0	0.0	0.0	0.0	25880.2845	0.0	0.0	0.0	0.0	146863.1235	55001.711	0.0	0.0	0.0	0.0	0.0	0.0	0.0	0.0	0.0	0.0	0.0	0.0	0.0	0.0	0.0	0.0	0.0	0.0	0.0	0.0	0.0	0.0	0.0	0.0	0.0	0.0	0.0	0.0	0.0
TW-EE-002	0.0	0.0	0.0	0.0	0.0	0.0	0.0	0.0	0.0	0.0	0.0	0.0	0.0	0.0	0.0	0.0	0.0	0.0	0.0	0.0	0.0	0.0	0.0	0.0	0.0	0.0	0.0	0.0	0.0	0.0	0.0	0.0	0.0	0.0	0.0	0.0	0.0	0.0	0.0	0.0	0.0	0.0	0.0	0.0	0.0	0.0	0.0	0.0	0.0	0.0
TW-CW-002	0.0	0.0	0.0	0.0	0.0	0.0	5889.8655	0.0	5831.151	0.0	0.0	0.0	0.0	15407.5215	0.0	0.0	13341.8375	0.0	7694.3855	36010.417	7244.098000000001	0.0	0.0	7476.13	0.0	0.0	0.0	0.0	0.0	0.0	0.0	0.0	0.0	0.0	9058.466	0.0	15303.0605	0.0	0.0	0.0	0.0	0.0	0.0	0.0	0.0	0.0	0.0	6524.0205	0.0	0.0
TW-CY-002	0.0	0.0	0.0	0.0	0.0	0.0	0.0	0.0	0.0	0.0	0.0	0.0	0.0	0.0	0.0	0.0	0.0	0.0	0.0	36621.9685	10015.8265	0.0	0.0	0.0	0.0	0.0	0.0	0.0	0.0	0.0	0.0	0.0	0.0	0.0	0.0	0.0	0.0	0.0	0.0	0.0	0.0	0.0	9189.9645	0.0	0.0	0.0	0.0	0.0	0.0	0.0
TW-CE-002	0.0	0.0	0.0	0.0	0.0	0.0	0.0	0.0	0.0	0.0	0.0	7895.0285	0.0	0.0	0.0	0.0	0.0	0.0	0.0	0.0	0.0	0.0	0.0	0.0	0.0	19737.4235	0.0	0.0	0.0	18166.6015	22056.2265	0.0	0.0	0.0	8042.6190000000015	0.0	0.0	51344.1785	0.0	13731.5595	0.0	9492.734	0.0	0.0	0.0	0.0	0.0	0.0	0.0	5001.791
TW-BN-002	0.0	6168.8745	5634.316	6809.765	0.0	9909.486	0.0	0.0	17351.3635	0.0	0.0	0.0	0.0	0.0	8576.4175	0.0	0.0	0.0	0.0	16757.183999999994	15699.0915	0.0	0.0	0.0	0.0	0.0	16822.9045	0.0	0.0	0.0	0.0	0.0	0.0	0.0	0.0	0.0	0.0	0.0	0.0	0.0	0.0	0.0	0.0	0.0	0.0	0.0	0.0	0.0	12638.222	0.0
TW-CO-001	0.0	0.0	0.0	0.0	0.0	0.0	0.0	0.0	0.0	0.0	0.0	0.0	0.0	0.0	0.0	0.0	0.0	0.0	0.0	0.0	0.0	0.0	0.0	0.0	0.0	0.0	0.0	0.0	6747.983	0.0	0.0	0.0	0.0	0.0	0.0	0.0	0.0	0.0	0.0	0.0	0.0	0.0	0.0	0.0	0.0	0.0	0.0	0.0	0.0	0.0
TW-CZ-001	0.0	0.0	0.0	0.0	0.0	0.0	0.0	0.0	0.0	0.0	0.0	0.0	0.0	0.0	0.0	0.0	0.0	0.0	0.0	0.0	0.0	0.0	6179.9205	0.0	0.0	8945.12	0.0	0.0	0.0	0.0	6632.5535	22196.981	0.0	8846.7845	0.0	0.0	0.0	0.0	0.0	14239.9315	0.0	0.0	7180.429	0.0	0.0	0.0	0.0	10754.962	0.0	0.0
TW-AT-002	0.0	0.0	0.0	0.0	0.0	0.0	0.0	0.0	0.0	0.0	0.0	0.0	0.0	0.0	0.0	0.0	0.0	0.0	0.0	9092.589	0.0	0.0	0.0	0.0	0.0	0.0	0.0	0.0	0.0	0.0	0.0	19739.1945	0.0	16519.4485	7944.0075	12511.3405	0.0	0.0	0.0	6024.3065	0.0	0.0	0.0	0.0	0.0	0.0	12645.912	0.0	0.0	0.0
TW-AP-001	0.0	0.0	9607.4485	0.0	0.0	19825.321	0.0	0.0	24682.357000000004	0.0	0.0	0.0	0.0	0.0	0.0	0.0	0.0	0.0	0.0	0.0	0.0	0.0	0.0	0.0	0.0	0.0	0.0	0.0	0.0	0.0	0.0	0.0	0.0	0.0	0.0	0.0	0.0	0.0	0.0	0.0	0.0	0.0	0.0	0.0	0.0	0.0	0.0	0.0	10351.69	0.0
TW-DZ-002	0.0	0.0	0.0	0.0	0.0	0.0	0.0	0.0	0.0	0.0	0.0	0.0	0.0	0.0	0.0	0.0	0.0	0.0	0.0	0.0	0.0	0.0	0.0	0.0	18647.3425	0.0	0.0	0.0	0.0	0.0	0.0	0.0	0.0	0.0	0.0	0.0	0.0	0.0	0.0	0.0	0.0	0.0	0.0	0.0	0.0	0.0	0.0	0.0	0.0	0.0
TW-AI-001	0.0	0.0	10084.212	0.0	0.0	6752.4935	0.0	6033.2455	12158.674	6884.8095	0.0	0.0	0.0	0.0	0.0	0.0	0.0	0.0	0.0	11265.696000000002	0.0	0.0	0.0	0.0	0.0	0.0	0.0	0.0	0.0	0.0	0.0	0.0	0.0	0.0	0.0	0.0	18727.4195	0.0	0.0	11077.6185	0.0	0.0	0.0	0.0	0.0	0.0	0.0	0.0	7212.8375	0.0
TW-DX-001	0.0	0.0	9187.934	18067.7465	0.0	9875.954	0.0	0.0	23691.7925	0.0	0.0	0.0	0.0	15573.1765	23778.3285	0.0	14047.1465	0.0	0.0	0.0	39942.595	0.0	0.0	0.0	0.0	0.0	0.0	0.0	0.0	0.0	0.0	0.0	0.0	0.0	0.0	0.0	0.0	0.0	0.0	0.0	0.0	0.0	0.0	0.0	0.0	0.0	0.0	0.0	0.0	0.0
TW-DJ-001	0.0	0.0	8319.621	0.0	0.0	14152.1365	0.0	0.0	21927.883	0.0	0.0	0.0	0.0	0.0	0.0	0.0	0.0	0.0	0.0	0.0	29224.1915	0.0	0.0	0.0	0.0	0.0	0.0	0.0	0.0	0.0	0.0	0.0	0.0	0.0	0.0	7048.9375	0.0	0.0	0.0	0.0	0.0	0.0	0.0	0.0	0.0	0.0	0.0	0.0	0.0	0.0
TW-DQ-001	0.0	0.0	0.0	0.0	0.0	0.0	0.0	0.0	0.0	0.0	0.0	0.0	0.0	0.0	0.0	0.0	0.0	0.0	0.0	0.0	0.0	0.0	0.0	0.0	0.0	0.0	0.0	0.0	0.0	0.0	0.0	0.0	0.0	0.0	14405.9815	0.0	0.0	0.0	0.0	0.0	0.0	0.0	0.0	0.0	0.0	0.0	0.0	0.0	0.0	0.0
TW-AZ-001	0.0	0.0	0.0	0.0	0.0	5181.47	0.0	0.0	7175.008000000002	0.0	0.0	0.0	0.0	0.0	0.0	0.0	0.0	0.0	0.0	0.0	10510.181	0.0	0.0	0.0	0.0	0.0	0.0	0.0	0.0	0.0	0.0	0.0	0.0	0.0	0.0	0.0	0.0	0.0	0.0	0.0	0.0	0.0	0.0	0.0	0.0	0.0	0.0	0.0	22545.4805	9200.178
TW-DU-002	0.0	0.0	0.0	0.0	0.0	0.0	0.0	0.0	0.0	0.0	0.0	0.0	0.0	0.0	0.0	0.0	0.0	0.0	0.0	0.0	0.0	0.0	0.0	0.0	0.0	0.0	0.0	0.0	0.0	0.0	0.0	0.0	0.0	0.0	0.0	0.0	0.0	0.0	0.0	0.0	0.0	0.0	0.0	0.0	0.0	0.0	0.0	0.0	0.0	0.0
TW-DK-001	0.0	0.0	0.0	0.0	0.0	0.0	0.0	0.0	0.0	0.0	0.0	0.0	0.0	0.0	0.0	0.0	0.0	0.0	0.0	0.0	0.0	0.0	0.0	10773.476	0.0	0.0	0.0	0.0	0.0	0.0	0.0	0.0	0.0	0.0	0.0	0.0	0.0	0.0	0.0	0.0	0.0	0.0	0.0	0.0	0.0	0.0	0.0	0.0	0.0	0.0
TW-BZ-001	0.0	0.0	0.0	0.0	0.0	0.0	0.0	0.0	0.0	0.0	0.0	0.0	0.0	0.0	0.0	0.0	0.0	0.0	0.0	0.0	0.0	0.0	0.0	0.0	0.0	0.0	0.0	0.0	0.0	0.0	0.0	0.0	0.0	0.0	0.0	0.0	0.0	0.0	0.0	0.0	0.0	0.0	0.0	0.0	0.0	0.0	0.0	0.0	0.0	0.0
TW-AV-002	0.0	0.0	0.0	0.0	7135.9195	0.0	0.0	0.0	0.0	0.0	0.0	0.0	0.0	0.0	0.0	0.0	0.0	0.0	0.0	0.0	0.0	0.0	0.0	0.0	0.0	0.0	0.0	0.0	6768.684	0.0	0.0	0.0	0.0	0.0	0.0	0.0	0.0	0.0	0.0	0.0	0.0	0.0	0.0	0.0	0.0	0.0	0.0	0.0	0.0	0.0
TW-CQ-001	0.0	5653.2965	0.0	0.0	0.0	0.0	0.0	0.0	8764.616	0.0	0.0	43074.676	0.0	0.0	0.0	13321.157	0.0	30734.3075	0.0	0.0	8882.1055	7360.9125	0.0	0.0	0.0	0.0	0.0	0.0	0.0	0.0	0.0	0.0	0.0	0.0	0.0	0.0	6035.4180000000015	0.0	0.0	0.0	0.0	20721.2665	0.0	0.0	0.0	0.0	5206.689	5340.518	0.0	0.0
TW-AN-001	0.0	0.0	15767.989	17035.4325	0.0	23978.054	0.0	5809.1725	34680.1645	0.0	0.0	7676.1905	0.0	0.0	16104.4575	0.0	0.0	0.0	0.0	0.0	37808.396	0.0	0.0	14453.007	5932.0115	0.0	0.0	0.0	9947.8515	0.0	0.0	0.0	0.0	0.0	0.0	0.0	5767.2775	0.0	72991.3835	0.0	0.0	0.0	0.0	124404.5925	0.0	65356.043	0.0	0.0	0.0	0.0
TW-EH-002	0.0	0.0	0.0	0.0	0.0	0.0	7015.2475	0.0	5789.0485	0.0	0.0	0.0	0.0	0.0	0.0	24435.8725	0.0	0.0	0.0	11766.984	6509.2835	0.0	5693.8690000000015	0.0	0.0	7133.9585	0.0	0.0	0.0	0.0	9255.58	8445.2575	5485.888000000001	5235.863	0.0	0.0	0.0	0.0	0.0	0.0	0.0	0.0	6444.6575	0.0	0.0	0.0	5343.985	13835.095	0.0	17065.6255
TW-CG-001	0.0	0.0	0.0	0.0	0.0	0.0	0.0	0.0	0.0	0.0	5962.0885	0.0	5704.0255	0.0	0.0	0.0	0.0	0.0	0.0	0.0	0.0	0.0	7998.7855	0.0	0.0	0.0	12815.3335	5007.338	0.0	11594.8305	0.0	0.0	0.0	17031.2875	0.0	0.0	0.0	0.0	0.0	0.0	5264.3495	0.0	15731.982	0.0	0.0	16447.5705	0.0	5151.004	0.0	72935.7995
TW-BE-002	0.0	0.0	0.0	0.0	0.0	0.0	0.0	0.0	0.0	0.0	0.0	0.0	0.0	0.0	0.0	0.0	0.0	0.0	0.0	0.0	0.0	0.0	0.0	0.0	0.0	0.0	0.0	0.0	0.0	0.0	0.0	0.0	0.0	0.0	0.0	12095.737	0.0	0.0	0.0	0.0	0.0	0.0	0.0	0.0	0.0	0.0	0.0	0.0	40814.6905	0.0
TW-EE-001	0.0	0.0	0.0	0.0	0.0	0.0	0.0	0.0	0.0	0.0	0.0	5241.1365	0.0	23043.669	0.0	28716.938	0.0	0.0	0.0	38378.4505	0.0	0.0	38330.336	0.0	0.0	5491.178000000001	48800.046	0.0	0.0	0.0	8519.756	0.0	0.0	19342.7875	5380.218000000002	0.0	0.0	82549.135	0.0	0.0	0.0	0.0	34129.895	0.0	0.0	0.0	0.0	70871.947	0.0	202273.529
TW-CN-001	0.0	0.0	0.0	0.0	0.0	0.0	0.0	0.0	0.0	0.0	0.0	0.0	0.0	0.0	0.0	0.0	0.0	0.0	0.0	0.0	0.0	0.0	0.0	0.0	0.0	0.0	0.0	0.0	0.0	0.0	0.0	0.0	0.0	0.0	0.0	0.0	0.0	0.0	0.0	0.0	0.0	0.0	0.0	0.0	0.0	0.0	0.0	0.0	0.0	0.0
TW-BN-001	0.0	0.0	11117.3305	12173.53	0.0	14782.494	0.0	0.0	25887.3145	0.0	0.0	0.0	0.0	0.0	12516.958	7361.024	0.0	0.0	0.0	0.0	27790.5595	6374.624	0.0	0.0	0.0	0.0	0.0	0.0	0.0	0.0	0.0	0.0	0.0	0.0	0.0	0.0	6856.4090000000015	0.0	0.0	0.0	0.0	0.0	0.0	7141.2025	0.0	0.0	0.0	0.0	0.0	0.0
TW-CF-002	19720.1265	0.0	0.0	22898.6275	0.0	0.0	0.0	0.0	0.0	0.0	0.0	0.0	0.0	0.0	28504.9225	0.0	0.0	0.0	0.0	0.0	50427.28599999999	0.0	0.0	0.0	0.0	0.0	0.0	0.0	0.0	0.0	0.0	0.0	0.0	0.0	0.0	0.0	0.0	0.0	0.0	0.0	0.0	0.0	0.0	0.0	141373.9785	0.0	0.0	0.0	0.0	0.0
TW-CQ-002	49731.6905	51246.708	53952.355	42759.816	9532.397	115228.0925	0.0	0.0	120759.328	0.0	0.0	0.0	0.0	0.0	39931.4575	0.0	0.0	0.0	10689.928	34785.886	93994.8615	6522.6265	0.0	0.0	0.0	0.0	0.0	0.0	0.0	0.0	0.0	0.0	0.0	0.0	0.0	0.0	9431.296	0.0	0.0	0.0	0.0	56985.1415	0.0	0.0	0.0	0.0	18587.6265	16137.153	24377.4005	0.0
TW-BT-002	0.0	0.0	0.0	0.0	0.0	7159.2225	0.0	0.0	9233.9915	0.0	0.0	0.0	0.0	0.0	0.0	0.0	0.0	0.0	0.0	0.0	15325.6245	0.0	0.0	0.0	0.0	0.0	0.0	0.0	0.0	0.0	0.0	0.0	0.0	0.0	0.0	0.0	5207.3435	0.0	0.0	0.0	0.0	0.0	0.0	0.0	0.0	0.0	0.0	0.0	19128.0965	0.0
TW-DR-001	0.0	0.0	0.0	0.0	0.0	0.0	13733.0415	0.0	0.0	0.0	0.0	0.0	0.0	0.0	0.0	7061.7505	0.0	0.0	0.0	48860.182	0.0	0.0	0.0	0.0	0.0	5214.052	0.0	10605.698	0.0	0.0	7628.0895	0.0	18098.2805	0.0	0.0	0.0	0.0	0.0	6679.51	0.0	6657.169	0.0	18257.4465	5896.347	0.0	0.0	15487.635	0.0	0.0	0.0
TW-DA-001	0.0	0.0	0.0	0.0	0.0	0.0	0.0	0.0	0.0	0.0	0.0	0.0	0.0	0.0	0.0	0.0	0.0	0.0	0.0	5523.1835	0.0	0.0	0.0	0.0	0.0	0.0	5932.611	0.0	17351.74	12002.2165	0.0	0.0	0.0	0.0	5053.5165	0.0	0.0	25175.7135	0.0	20468.1615	0.0	0.0	0.0	0.0	0.0	0.0	65990.3135	0.0	0.0	5115.3125
TW-DU-001	0.0	0.0	0.0	0.0	0.0	0.0	0.0	0.0	0.0	0.0	0.0	0.0	0.0	0.0	0.0	0.0	0.0	0.0	0.0	0.0	0.0	0.0	0.0	0.0	0.0	0.0	0.0	0.0	0.0	0.0	0.0	0.0	0.0	0.0	0.0	0.0	0.0	0.0	0.0	0.0	0.0	0.0	0.0	0.0	0.0	0.0	0.0	0.0	0.0	0.0
TW-AR-001	0.0	0.0	0.0	0.0	0.0	0.0	0.0	0.0	0.0	0.0	0.0	0.0	0.0	0.0	0.0	0.0	0.0	0.0	0.0	0.0	0.0	0.0	0.0	0.0	0.0	0.0	0.0	0.0	0.0	0.0	0.0	0.0	0.0	0.0	0.0	0.0	0.0	0.0	0.0	0.0	0.0	6855.884	0.0	0.0	0.0	0.0	0.0	0.0	0.0	0.0
TW-CB-002	0.0	0.0	0.0	0.0	0.0	0.0	0.0	0.0	0.0	0.0	0.0	0.0	0.0	0.0	0.0	0.0	0.0	0.0	0.0	0.0	0.0	0.0	0.0	0.0	0.0	0.0	0.0	0.0	0.0	0.0	0.0	0.0	0.0	0.0	0.0	0.0	0.0	0.0	0.0	0.0	0.0	0.0	0.0	0.0	0.0	0.0	0.0	0.0	0.0	0.0
TW-BV-001	0.0	0.0	0.0	0.0	0.0	0.0	0.0	0.0	0.0	0.0	0.0	0.0	0.0	0.0	0.0	0.0	0.0	0.0	6575.9705	10745.859	6637.757	0.0	0.0	0.0	0.0	0.0	0.0	0.0	0.0	0.0	0.0	0.0	0.0	0.0	0.0	0.0	0.0	0.0	0.0	0.0	0.0	0.0	0.0	0.0	20624.56	19613.702	15760.196000000002	0.0	0.0	0.0
TW-AK-001	0.0	0.0	0.0	0.0	0.0	0.0	0.0	0.0	0.0	0.0	0.0	0.0	0.0	0.0	0.0	10833.432	0.0	0.0	0.0	21228.1275	5001.1815	0.0	0.0	0.0	0.0	0.0	0.0	0.0	0.0	0.0	0.0	16831.9275	0.0	0.0	13455.2585	0.0	0.0	0.0	0.0	0.0	0.0	0.0	57096.3635	0.0	0.0	18229.598	6527.5575	75729.564	0.0	0.0
TW-AY-002	0.0	0.0	0.0	0.0	0.0	0.0	0.0	0.0	0.0	0.0	0.0	0.0	0.0	0.0	0.0	0.0	0.0	0.0	0.0	0.0	0.0	0.0	0.0	0.0	0.0	0.0	0.0	0.0	0.0	0.0	0.0	0.0	0.0	0.0	0.0	0.0	0.0	0.0	0.0	0.0	0.0	0.0	0.0	0.0	0.0	0.0	0.0	0.0	0.0	0.0
TW-AX-001	0.0	0.0	0.0	0.0	0.0	0.0	0.0	0.0	0.0	5931.011	0.0	0.0	0.0	0.0	0.0	6770.648	0.0	0.0	0.0	0.0	0.0	0.0	0.0	0.0	0.0	0.0	0.0	0.0	0.0	0.0	0.0	0.0	0.0	0.0	0.0	0.0	0.0	0.0	0.0	39819.928	0.0	0.0	0.0	0.0	0.0	0.0	48294.5035	0.0	5809.214	0.0
TW-AG-002	0.0	0.0	0.0	0.0	0.0	0.0	0.0	0.0	0.0	0.0	0.0	0.0	0.0	0.0	0.0	7341.3565	0.0	0.0	0.0	24060.505	0.0	0.0	0.0	0.0	0.0	0.0	5404.222	0.0	0.0	0.0	0.0	0.0	0.0	0.0	0.0	0.0	8488.97	0.0	6301.2055	0.0	0.0	0.0	0.0	5256.8435	0.0	0.0	0.0	0.0	6140.6225	0.0
TW-AU-001	0.0	0.0	0.0	0.0	0.0	0.0	0.0	0.0	0.0	0.0	0.0	0.0	0.0	0.0	0.0	26753.9775	0.0	17526.7315	0.0	0.0	0.0	0.0	0.0	0.0	0.0	0.0	0.0	6085.9825	0.0	6025.623000000001	0.0	0.0	7770.4775	0.0	0.0	6271.96	0.0	0.0	0.0	14745.7075	0.0	0.0	0.0	0.0	30822.2005	0.0	45017.4565	0.0	0.0	0.0
TW-DG-002	0.0	0.0	0.0	0.0	0.0	0.0	0.0	0.0	0.0	0.0	0.0	0.0	0.0	0.0	0.0	0.0	0.0	0.0	23089.0295	0.0	0.0	0.0	0.0	0.0	0.0	0.0	0.0	0.0	8591.421999999999	0.0	0.0	0.0	0.0	0.0	0.0	0.0	0.0	0.0	0.0	0.0	0.0	0.0	0.0	0.0	0.0	0.0	0.0	0.0	0.0	0.0
TW-BE-001	0.0	0.0	0.0	0.0	0.0	0.0	0.0	0.0	0.0	0.0	0.0	0.0	0.0	0.0	0.0	0.0	0.0	0.0	0.0	0.0	0.0	0.0	0.0	0.0	0.0	0.0	0.0	0.0	0.0	0.0	0.0	0.0	0.0	0.0	0.0	0.0	0.0	0.0	0.0	0.0	0.0	0.0	0.0	0.0	0.0	0.0	0.0	0.0	17916.2685	0.0
TW-DS-001	0.0	0.0	0.0	0.0	0.0	0.0	0.0	0.0	0.0	0.0	0.0	0.0	0.0	0.0	0.0	0.0	0.0	0.0	0.0	0.0	0.0	0.0	0.0	0.0	0.0	0.0	0.0	0.0	0.0	0.0	0.0	0.0	0.0	0.0	0.0	0.0	0.0	0.0	0.0	0.0	0.0	0.0	0.0	0.0	0.0	0.0	0.0	0.0	0.0	0.0
TW-BJ-002	0.0	0.0	0.0	0.0	0.0	0.0	0.0	0.0	0.0	0.0	0.0	0.0	0.0	0.0	0.0	14246.9205	0.0	0.0	0.0	31089.1	0.0	0.0	0.0	0.0	0.0	0.0	10708.3295	0.0	0.0	0.0	0.0	0.0	7099.3625	0.0	0.0	0.0	5215.654	0.0	13005.373	0.0	12137.282	0.0	0.0	14496.735	0.0	0.0	7653.885999999998	0.0	52173.572	0.0
TW-AI-002	0.0	0.0	0.0	0.0	0.0	0.0	0.0	0.0	0.0	0.0	0.0	0.0	0.0	39835.009	0.0	0.0	86278.103	29899.517000000003	0.0	27630.9615	0.0	0.0	0.0	0.0	0.0	0.0	0.0	0.0	0.0	0.0	0.0	0.0	0.0	0.0	0.0	0.0	0.0	0.0	0.0	0.0	0.0	9039.582	0.0	0.0	0.0	0.0	0.0	0.0	0.0	0.0
TW-AU-002	0.0	0.0	0.0	0.0	0.0	0.0	0.0	0.0	0.0	0.0	0.0	0.0	0.0	0.0	0.0	0.0	0.0	0.0	0.0	0.0	5059.401	0.0	0.0	0.0	0.0	0.0	0.0	0.0	0.0	0.0	0.0	0.0	0.0	0.0	0.0	0.0	0.0	0.0	0.0	0.0	0.0	0.0	0.0	0.0	0.0	0.0	0.0	0.0	6655.3690000000015	16840.664
TW-AN-002	5394.4085	7270.048000000002	6099.057	0.0	0.0	14304.838	0.0	0.0	14575.2035	0.0	0.0	0.0	0.0	0.0	7145.2365	10119.742	0.0	0.0	0.0	23686.619	11640.28	0.0	0.0	0.0	0.0	0.0	0.0	0.0	0.0	0.0	0.0	0.0	0.0	0.0	0.0	0.0	0.0	0.0	0.0	0.0	0.0	0.0	0.0	0.0	0.0	0.0	0.0	0.0	44955.2365	0.0
TW-BL-001	0.0	0.0	0.0	0.0	0.0	0.0	0.0	0.0	0.0	0.0	0.0	0.0	0.0	0.0	0.0	0.0	0.0	0.0	0.0	11543.3385	0.0	0.0	0.0	0.0	0.0	0.0	0.0	0.0	0.0	0.0	0.0	0.0	0.0	0.0	0.0	6000.4615	0.0	0.0	0.0	0.0	0.0	0.0	0.0	0.0	0.0	0.0	0.0	0.0	0.0	0.0
TW-CP-002	0.0	0.0	0.0	0.0	0.0	0.0	0.0	0.0	0.0	0.0	0.0	0.0	0.0	0.0	0.0	0.0	0.0	0.0	0.0	0.0	0.0	0.0	0.0	0.0	0.0	0.0	0.0	0.0	22803.863	0.0	0.0	0.0	0.0	0.0	0.0	0.0	0.0	0.0	0.0	0.0	0.0	0.0	0.0	0.0	20067.088	0.0	0.0	0.0	0.0	0.0
TW-BA-002	0.0	0.0	0.0	0.0	0.0	0.0	0.0	0.0	0.0	0.0	0.0	0.0	0.0	0.0	0.0	17191.2585	0.0	38606.351	0.0	7335.432	0.0	7530.496	0.0	27144.883	0.0	0.0	0.0	0.0	0.0	0.0	0.0	0.0	0.0	0.0	0.0	0.0	0.0	0.0	0.0	0.0	0.0	0.0	0.0	0.0	42714.6485	0.0	0.0	0.0	10317.2985	0.0
TW-AP-002	0.0	0.0	0.0	0.0	0.0	6873.5995	0.0	0.0	6240.473000000001	0.0	0.0	0.0	0.0	0.0	0.0	0.0	0.0	0.0	0.0	0.0	5759.798000000002	0.0	0.0	0.0	0.0	0.0	0.0	0.0	0.0	0.0	0.0	0.0	0.0	0.0	0.0	0.0	0.0	0.0	0.0	0.0	0.0	0.0	0.0	0.0	0.0	0.0	0.0	0.0	0.0	0.0
TW-BS-001	0.0	0.0	0.0	0.0	0.0	0.0	0.0	0.0	0.0	0.0	0.0	83415.7255	0.0	0.0	0.0	0.0	0.0	0.0	0.0	222057.8735	0.0	0.0	0.0	263839.6365	0.0	0.0	0.0	0.0	0.0	0.0	0.0	0.0	0.0	0.0	0.0	0.0	9301.6555	0.0	8378.776	0.0	0.0	0.0	0.0	0.0	0.0	0.0	0.0	0.0	27737.207	0.0
TW-AA-002	0.0	0.0	0.0	0.0	0.0	0.0	0.0	0.0	0.0	0.0	5954.6005	0.0	5411.825	0.0	0.0	0.0	0.0	0.0	0.0	0.0	0.0	0.0	8387.916	0.0	0.0	7602.815	0.0	0.0	0.0	0.0	8253.741	6348.3835	0.0	5755.8315	5818.0025	46532.7415	0.0	0.0	0.0	5847.9105	0.0	0.0	0.0	0.0	0.0	18492.0015	26537.1825	0.0	0.0	9565.6455
TW-AY-001	0.0	0.0	0.0	0.0	0.0	0.0	0.0	0.0	0.0	0.0	0.0	0.0	0.0	0.0	0.0	0.0	0.0	0.0	0.0	0.0	31260.3975	0.0	0.0	0.0	0.0	0.0	0.0	0.0	0.0	0.0	0.0	0.0	0.0	0.0	0.0	34013.1	40850.2095	0.0	0.0	16378.915	0.0	7301.5095	0.0	0.0	0.0	44721.3275	0.0	0.0	92168.0315	27091.4485
TW-BL-002	0.0	0.0	0.0	0.0	0.0	0.0	0.0	0.0	0.0	0.0	0.0	0.0	0.0	0.0	0.0	0.0	0.0	0.0	0.0	0.0	0.0	0.0	0.0	0.0	0.0	0.0	0.0	0.0	5233.5895	0.0	0.0	0.0	0.0	0.0	0.0	0.0	0.0	0.0	0.0	0.0	0.0	0.0	0.0	0.0	0.0	0.0	0.0	0.0	0.0	0.0
TW-DY-002	0.0	0.0	0.0	0.0	0.0	0.0	0.0	0.0	0.0	0.0	0.0	0.0	0.0	0.0	0.0	0.0	0.0	0.0	0.0	0.0	0.0	0.0	0.0	0.0	0.0	0.0	0.0	0.0	0.0	0.0	0.0	0.0	0.0	0.0	0.0	0.0	0.0	0.0	0.0	0.0	0.0	0.0	0.0	0.0	0.0	0.0	0.0	0.0	0.0	0.0
TW-DM-002	0.0	0.0	0.0	0.0	0.0	0.0	0.0	0.0	0.0	0.0	0.0	0.0	0.0	0.0	0.0	0.0	0.0	0.0	0.0	0.0	0.0	0.0	0.0	0.0	0.0	0.0	0.0	0.0	0.0	0.0	0.0	0.0	0.0	0.0	0.0	0.0	0.0	0.0	0.0	0.0	0.0	0.0	0.0	0.0	0.0	0.0	0.0	0.0	0.0	0.0
TW-AF-002	0.0	0.0	11964.3555	0.0	20766.228	34276.4065	0.0	0.0	28261.049	0.0	0.0	0.0	0.0	0.0	0.0	0.0	0.0	0.0	0.0	0.0	0.0	0.0	134587.836	0.0	0.0	0.0	0.0	0.0	0.0	0.0	0.0	0.0	0.0	0.0	0.0	0.0	0.0	0.0	0.0	0.0	0.0	0.0	0.0	0.0	0.0	0.0	0.0	0.0	0.0	0.0
TW-DB-001	0.0	10293.0235	10012.449	8886.683	5118.085999999998	23444.3165	0.0	0.0	26470.337000000003	0.0	8340.8045	0.0	6551.6115	0.0	8614.0915	0.0	0.0	0.0	0.0	0.0	19864.3425	0.0	0.0	0.0	0.0	0.0	0.0	0.0	0.0	0.0	0.0	0.0	21699.3705	0.0	11128.567	0.0	0.0	0.0	0.0	0.0	0.0	0.0	0.0	0.0	0.0	0.0	0.0	0.0	0.0	0.0
TW-AQ-001	0.0	0.0	0.0	0.0	0.0	6068.9655	0.0	0.0	5580.2959999999985	0.0	0.0	0.0	0.0	0.0	0.0	0.0	0.0	0.0	0.0	0.0	7206.969	0.0	0.0	0.0	0.0	0.0	0.0	0.0	0.0	0.0	0.0	0.0	0.0	0.0	0.0	0.0	0.0	0.0	5866.8785	0.0	0.0	0.0	0.0	5443.218000000002	0.0	0.0	0.0	0.0	0.0	0.0
TW-CS-002	0.0	0.0	0.0	0.0	0.0	0.0	0.0	21312.898	0.0	0.0	0.0	0.0	0.0	0.0	0.0	87522.07400000001	0.0	125502.359	0.0	55335.432	0.0	5713.621	10035.367	0.0	0.0	8875.905	0.0	0.0	0.0	15221.4645	12806.1745	7488.4565	0.0	0.0	147245.4925	27075.3775	0.0	0.0	0.0	8064.584	0.0	0.0	17501.944	0.0	0.0	0.0	7284.569	43009.402	0.0	66049.3965
TW-BI-002	0.0	0.0	0.0	0.0	0.0	0.0	0.0	0.0	0.0	0.0	0.0	0.0	0.0	0.0	0.0	0.0	0.0	0.0	0.0	0.0	0.0	0.0	0.0	0.0	0.0	0.0	0.0	0.0	0.0	0.0	0.0	0.0	0.0	0.0	0.0	0.0	0.0	0.0	0.0	0.0	0.0	0.0	0.0	0.0	0.0	0.0	0.0	0.0	23402.808	0.0
TW-CA-001	0.0	0.0	0.0	8673.202	0.0	12768.003	0.0	0.0	18492.0385	0.0	0.0	0.0	0.0	0.0	10425.9155	0.0	0.0	0.0	0.0	0.0	21456.55	0.0	0.0	0.0	0.0	0.0	0.0	0.0	0.0	0.0	0.0	0.0	0.0	0.0	0.0	0.0	8826.374	0.0	0.0	20303.2105	0.0	0.0	0.0	0.0	0.0	0.0	0.0	0.0	0.0	0.0
TW-BQ-002	0.0	0.0	0.0	5986.959	0.0	8969.9105	0.0	0.0	12632.4765	27058.819	0.0	0.0	0.0	0.0	6182.7095	0.0	0.0	0.0	0.0	5889.212	13214.624	0.0	0.0	0.0	0.0	0.0	6086.42	0.0	0.0	13727.6675	0.0	0.0	0.0	0.0	0.0	0.0	0.0	7458.0975	0.0	0.0	5215.5815	0.0	0.0	18525.8725	0.0	0.0	0.0	0.0	0.0	0.0
TW-BA-001	0.0	0.0	0.0	0.0	0.0	0.0	0.0	0.0	0.0	0.0	0.0	0.0	0.0	0.0	0.0	0.0	0.0	0.0	0.0	0.0	0.0	0.0	0.0	0.0	0.0	0.0	0.0	0.0	0.0	0.0	0.0	0.0	0.0	0.0	0.0	0.0	0.0	0.0	0.0	0.0	0.0	0.0	0.0	0.0	0.0	0.0	0.0	0.0	0.0	0.0
TW-AM-002	0.0	0.0	0.0	0.0	0.0	0.0	11651.072	0.0	0.0	0.0	0.0	0.0	0.0	0.0	0.0	0.0	0.0	0.0	6466.2335	0.0	8125.818	10535.126	0.0	0.0	0.0	0.0	0.0	0.0	0.0	0.0	0.0	0.0	0.0	0.0	34606.1035	0.0	0.0	0.0	0.0	0.0	0.0	0.0	0.0	0.0	0.0	0.0	0.0	0.0	0.0	0.0
TW-AT-001	0.0	20349.302	0.0	0.0	0.0	0.0	0.0	0.0	0.0	0.0	0.0	0.0	0.0	16524.91	0.0	51373.607	0.0	0.0	0.0	13448.744	0.0	87812.7795	24951.886	0.0	0.0	0.0	0.0	0.0	14551.623	82042.4525	0.0	0.0	0.0	0.0	0.0	0.0	29536.4105	0.0	0.0	131432.259	7625.2840000000015	85905.7205	14461.36	0.0	0.0	0.0	13444.866000000002	8758.399	26666.977000000006	34230.3865
TW-AM-001	0.0	0.0	0.0	0.0	0.0	0.0	0.0	0.0	0.0	0.0	0.0	0.0	0.0	0.0	0.0	5988.437	0.0	0.0	0.0	6647.27	0.0	0.0	0.0	0.0	0.0	0.0	0.0	0.0	0.0	0.0	0.0	0.0	0.0	0.0	0.0	0.0	0.0	0.0	0.0	0.0	0.0	0.0	0.0	0.0	0.0	0.0	0.0	0.0	0.0	0.0
TW-DG-001	0.0	0.0	0.0	5144.064	0.0	0.0	0.0	0.0	7003.614000000001	0.0	0.0	0.0	0.0	0.0	6971.5615	0.0	0.0	0.0	0.0	0.0	11414.2345	0.0	0.0	0.0	0.0	0.0	0.0	0.0	0.0	0.0	0.0	0.0	0.0	0.0	0.0	0.0	0.0	36702.318	0.0	0.0	0.0	0.0	0.0	0.0	0.0	0.0	0.0	0.0	0.0	0.0
TW-CB-001	0.0	0.0	0.0	0.0	0.0	0.0	8751.9165	0.0	5110.5555	0.0	0.0	0.0	0.0	10316.928	0.0	26351.2975	0.0	38873.463	0.0	17423.7635	8312.63	36083.9985	0.0	0.0	0.0	0.0	0.0	0.0	0.0	0.0	0.0	0.0	0.0	0.0	0.0	0.0	0.0	0.0	14805.5895	0.0	0.0	0.0	0.0	13741.68	0.0	0.0	9443.4905	0.0	0.0	0.0
TW-CC-001	0.0	0.0	0.0	0.0	0.0	0.0	0.0	0.0	0.0	0.0	0.0	0.0	0.0	0.0	0.0	0.0	0.0	0.0	0.0	0.0	5590.523	0.0	0.0	0.0	0.0	0.0	0.0	0.0	0.0	9210.8935	0.0	0.0	0.0	0.0	0.0	0.0	0.0	22164.478	0.0	0.0	0.0	0.0	0.0	0.0	0.0	0.0	0.0	0.0	0.0	0.0
TW-BU-001	8831.976	0.0	6909.0125	0.0	0.0	10087.1365	0.0	0.0	10465.1715	0.0	0.0	5517.008000000002	0.0	0.0	0.0	133096.15	0.0	24251.8095	0.0	42112.8615	8826.7205	33207.7135	0.0	0.0	0.0	0.0	58460.441	0.0	0.0	0.0	0.0	0.0	34672.0875	0.0	0.0	0.0	0.0	0.0	0.0	14525.6325	12131.181	197274.1655	123477.4725	0.0	0.0	0.0	0.0	398625.7105	51805.1165	0.0
TW-CW-001	0.0	0.0	0.0	0.0	0.0	0.0	0.0	0.0	0.0	0.0	0.0	0.0	0.0	0.0	0.0	5772.5245	0.0	0.0	0.0	8738.943000000001	0.0	0.0	0.0	8075.94	0.0	0.0	11755.4675	0.0	0.0	0.0	0.0	0.0	0.0	0.0	0.0	0.0	0.0	10770.2495	0.0	0.0	0.0	0.0	0.0	8659.5555	0.0	0.0	0.0	0.0	39595.662	0.0
TW-DQ-002	0.0	0.0	0.0	0.0	0.0	0.0	0.0	0.0	0.0	0.0	0.0	0.0	0.0	0.0	0.0	0.0	0.0	0.0	0.0	0.0	0.0	0.0	0.0	0.0	0.0	0.0	0.0	0.0	0.0	0.0	0.0	7578.5025	0.0	0.0	0.0	0.0	0.0	0.0	0.0	0.0	0.0	0.0	0.0	0.0	0.0	0.0	0.0	0.0	0.0	0.0
TW-DZ-001	0.0	0.0	19818.004	0.0	9172.739	37358.3255	0.0	0.0	47380.331	0.0	0.0	0.0	0.0	0.0	0.0	0.0	0.0	0.0	0.0	0.0	0.0	0.0	0.0	10085.455	0.0	0.0	0.0	0.0	13774.4695	0.0	0.0	0.0	0.0	0.0	0.0	0.0	0.0	0.0	0.0	0.0	0.0	0.0	0.0	0.0	0.0	0.0	0.0	0.0	0.0	0.0
TW-DB-002	0.0	0.0	0.0	0.0	0.0	0.0	0.0	0.0	0.0	0.0	0.0	0.0	0.0	0.0	0.0	0.0	0.0	0.0	0.0	0.0	0.0	0.0	0.0	0.0	0.0	8113.849	0.0	0.0	0.0	0.0	8108.278	0.0	0.0	0.0	23875.231	0.0	0.0	0.0	0.0	10227.108	0.0	0.0	0.0	0.0	0.0	0.0	7465.0459999999985	0.0	0.0	0.0
TW-AZ-002	0.0	0.0	0.0	0.0	0.0	0.0	0.0	0.0	0.0	0.0	0.0	0.0	0.0	0.0	0.0	0.0	0.0	0.0	0.0	0.0	5788.165	0.0	0.0	0.0	0.0	0.0	0.0	0.0	0.0	0.0	0.0	0.0	0.0	0.0	0.0	0.0	0.0	0.0	0.0	0.0	0.0	0.0	0.0	0.0	0.0	0.0	0.0	0.0	5222.8545	0.0
TW-AK-002	0.0	0.0	0.0	0.0	0.0	0.0	0.0	0.0	0.0	0.0	0.0	0.0	0.0	0.0	0.0	30430.6205	0.0	30353.6175	0.0	30323.0995	0.0	11270.893999999998	0.0	5469.2435	0.0	0.0	0.0	0.0	0.0	0.0	0.0	0.0	0.0	0.0	0.0	0.0	0.0	0.0	0.0	0.0	0.0	0.0	0.0	0.0	0.0	0.0	0.0	0.0	0.0	0.0
TW-CI-001	0.0	0.0	0.0	0.0	6038.312	0.0	0.0	5407.6795	0.0	0.0	0.0	0.0	0.0	0.0	0.0	0.0	0.0	0.0	0.0	46746.3075	12481.1715	0.0	0.0	54745.463	0.0	0.0	0.0	0.0	0.0	6439.459	0.0	0.0	0.0	0.0	0.0	0.0	0.0	0.0	23156.3415	8079.842	31445.999	0.0	16150.089	22851.6075	23070.5975	0.0	0.0	0.0	0.0	13108.2665
CIR57-001	0.0	119391.0415	0.0	0.0	59307.72900000001	167493.1225	0.0	0.0	158530.6455	0.0	0.0	0.0	0.0	0.0	0.0	0.0	0.0	0.0	0.0	5598.533	0.0	0.0	0.0	0.0	0.0	0.0	0.0	0.0	0.0	0.0	0.0	0.0	0.0	0.0	0.0	0.0	0.0	0.0	0.0	0.0	0.0	0.0	0.0	0.0	0.0	0.0	0.0	0.0	0.0	0.0
CIR42-002	0.0	0.0	0.0	0.0	0.0	0.0	5416.2930000000015	0.0	0.0	0.0	0.0	0.0	0.0	0.0	0.0	0.0	0.0	0.0	0.0	7661.816999999999	0.0	0.0	0.0	0.0	0.0	0.0	0.0	0.0	0.0	0.0	0.0	0.0	84448.67300000001	16173.9425	0.0	0.0	0.0	0.0	0.0	0.0	0.0	0.0	0.0	0.0	0.0	0.0	0.0	0.0	0.0	0.0
CIR55-003	2445604.6040000003	1289560.822	2457377.759	1926533.534	164821.173	1002809.069	60746.8885	9621.7645	703196.0255	9163.729	0.0	7659.393	0.0	0.0	269417.7415	0.0	0.0	0.0	95209.3675	16269.7565	528078.4205	0.0	112522.831	0.0	12723.688999999997	0.0	0.0	0.0	0.0	0.0	0.0	0.0	0.0	0.0	0.0	0.0	0.0	0.0	0.0	0.0	0.0	0.0	0.0	0.0	0.0	0.0	0.0	0.0	0.0	0.0
CIR61-001	0.0	0.0	0.0	0.0	0.0	0.0	0.0	0.0	0.0	0.0	0.0	0.0	0.0	0.0	0.0	0.0	0.0	0.0	0.0	0.0	0.0	14972.037	0.0	0.0	0.0	0.0	0.0	0.0	0.0	0.0	0.0	0.0	0.0	0.0	0.0	0.0	0.0	0.0	0.0	0.0	0.0	0.0	0.0	0.0	0.0	0.0	0.0	0.0	0.0	0.0
CIR32-002	0.0	0.0	0.0	0.0	0.0	0.0	0.0	0.0	0.0	0.0	0.0	0.0	0.0	0.0	0.0	0.0	0.0	0.0	0.0	0.0	0.0	0.0	0.0	0.0	0.0	0.0	0.0	0.0	0.0	0.0	0.0	0.0	12471.739	0.0	0.0	0.0	0.0	0.0	0.0	0.0	0.0	0.0	0.0	0.0	0.0	0.0	0.0	0.0	0.0	0.0
CIR51-001	0.0	0.0	0.0	0.0	0.0	0.0	0.0	27639.54	0.0	32659.2995	0.0	0.0	0.0	0.0	0.0	0.0	0.0	0.0	0.0	0.0	0.0	0.0	0.0	0.0	0.0	0.0	0.0	0.0	0.0	0.0	0.0	0.0	0.0	0.0	0.0	0.0	0.0	0.0	0.0	0.0	0.0	0.0	0.0	0.0	0.0	0.0	0.0	0.0	0.0	0.0
CIR5-006	0.0	0.0	0.0	0.0	0.0	0.0	0.0	0.0	0.0	0.0	0.0	0.0	0.0	0.0	0.0	0.0	0.0	0.0	0.0	0.0	0.0	0.0	0.0	5376.5685	0.0	0.0	0.0	0.0	0.0	0.0	0.0	0.0	7037.8585	0.0	0.0	0.0	0.0	0.0	0.0	0.0	0.0	0.0	0.0	0.0	0.0	0.0	0.0	0.0	0.0	0.0
CIR55-004	0.0	0.0	0.0	0.0	0.0	0.0	0.0	0.0	0.0	0.0	0.0	0.0	0.0	33951.2215	0.0	26113.2565	36365.444	21797.92	9701.593	79929.6855	7883.9985	17194.527	0.0	0.0	0.0	0.0	0.0	0.0	0.0	0.0	0.0	0.0	0.0	0.0	0.0	0.0	0.0	0.0	0.0	0.0	0.0	0.0	0.0	0.0	0.0	0.0	0.0	0.0	0.0	0.0
CIR21-002	0.0	0.0	0.0	0.0	0.0	0.0	0.0	0.0	0.0	0.0	0.0	0.0	0.0	0.0	0.0	0.0	0.0	0.0	0.0	0.0	5222.613	0.0	9164.1265	0.0	0.0	0.0	0.0	0.0	5296.281999999998	0.0	0.0	0.0	0.0	0.0	0.0	0.0	0.0	0.0	0.0	0.0	0.0	0.0	0.0	0.0	30163.8675	0.0	0.0	0.0	0.0	0.0
CIR53-001	113895.0865	173045.8225	98731.2415	84605.394	72034.0475	261734.5235	0.0	0.0	241042.0215	0.0	0.0	0.0	0.0	15539.7075	77762.242	26659.5695	16594.54	0.0	0.0	0.0	155392.562	0.0	0.0	0.0	0.0	0.0	0.0	0.0	0.0	0.0	0.0	0.0	0.0	0.0	0.0	0.0	0.0	0.0	0.0	0.0	0.0	0.0	0.0	0.0	0.0	0.0	0.0	0.0	0.0	0.0
CIR51-004	0.0	0.0	0.0	0.0	0.0	0.0	0.0	0.0	0.0	0.0	0.0	0.0	0.0	0.0	0.0	0.0	0.0	0.0	0.0	0.0	0.0	0.0	0.0	0.0	38724.085	0.0	0.0	0.0	0.0	0.0	0.0	0.0	0.0	0.0	0.0	0.0	0.0	0.0	0.0	0.0	0.0	0.0	0.0	0.0	0.0	0.0	0.0	0.0	0.0	0.0
CIR32-001	0.0	0.0	0.0	0.0	0.0	0.0	0.0	0.0	0.0	0.0	0.0	0.0	0.0	0.0	0.0	0.0	0.0	0.0	0.0	19056.7965	0.0	0.0	0.0	22279.594	0.0	0.0	0.0	0.0	0.0	0.0	0.0	0.0	0.0	0.0	0.0	0.0	0.0	0.0	0.0	0.0	0.0	0.0	0.0	0.0	0.0	0.0	0.0	0.0	0.0	0.0
CIR60-003	0.0	0.0	0.0	0.0	0.0	0.0	6582.0155	16184.4835	0.0	26204.3445	0.0	0.0	0.0	0.0	0.0	0.0	0.0	0.0	0.0	7491.133000000002	0.0	0.0	0.0	0.0	0.0	0.0	0.0	0.0	0.0	0.0	0.0	0.0	0.0	0.0	0.0	0.0	0.0	0.0	0.0	0.0	0.0	0.0	0.0	0.0	0.0	0.0	0.0	0.0	0.0	0.0
CIR6-001	9385.4545	13029.0865	15107.556	11436.765	0.0	29605.925	18776.505	0.0	35013.0855	0.0	0.0	11063.436000000003	0.0	0.0	12911.0245	0.0	0.0	0.0	0.0	655579.906	28183.2785	0.0	0.0	39373.322	0.0	0.0	0.0	0.0	0.0	0.0	0.0	0.0	0.0	0.0	0.0	0.0	0.0	0.0	0.0	0.0	0.0	0.0	0.0	0.0	0.0	0.0	0.0	0.0	0.0	0.0
CIR54-002	0.0	0.0	0.0	0.0	0.0	8064.6045	0.0	0.0	13316.061000000003	0.0	0.0	0.0	0.0	46025.5955	0.0	35818.8685	49844.6935	28749.8825	0.0	352478.635	0.0	0.0	0.0	119253.479	0.0	0.0	0.0	0.0	0.0	0.0	0.0	0.0	0.0	0.0	0.0	0.0	5719.758000000002	0.0	0.0	0.0	0.0	0.0	0.0	0.0	0.0	0.0	0.0	0.0	0.0	0.0
CIR52-003	0.0	0.0	0.0	0.0	0.0	0.0	0.0	0.0	0.0	0.0	0.0	0.0	0.0	0.0	0.0	0.0	0.0	0.0	0.0	0.0	0.0	0.0	0.0	0.0	0.0	0.0	0.0	0.0	0.0	0.0	0.0	0.0	0.0	0.0	0.0	0.0	0.0	0.0	0.0	0.0	0.0	0.0	0.0	0.0	0.0	0.0	0.0	0.0	0.0	0.0
CIR54-001	0.0	0.0	0.0	0.0	0.0	0.0	0.0	0.0	0.0	0.0	0.0	0.0	0.0	0.0	0.0	0.0	0.0	0.0	0.0	0.0	0.0	0.0	0.0	116875.632	0.0	0.0	0.0	0.0	0.0	0.0	0.0	0.0	0.0	0.0	0.0	0.0	0.0	0.0	0.0	0.0	0.0	0.0	0.0	0.0	0.0	0.0	0.0	0.0	0.0	0.0
CIR16-001	269362.8425	297810.355	356797.505	390279.9685	84499.272	432203.224	0.0	0.0	456736.197	0.0	46087.32700000001	11770.192	36459.0845	0.0	162846.9505	0.0	0.0	0.0	0.0	11469.8695	349554.653	0.0	0.0	0.0	0.0	0.0	0.0	0.0	0.0	0.0	0.0	0.0	0.0	0.0	0.0	0.0	0.0	0.0	0.0	0.0	0.0	0.0	0.0	0.0	0.0	0.0	0.0	0.0	0.0	0.0
CIR58-002	0.0	0.0	0.0	0.0	0.0	0.0	0.0	0.0	0.0	0.0	0.0	0.0	0.0	0.0	0.0	0.0	0.0	0.0	0.0	0.0	0.0	0.0	0.0	88382.845	0.0	0.0	0.0	0.0	0.0	0.0	0.0	0.0	0.0	0.0	0.0	13085.1935	0.0	0.0	0.0	0.0	0.0	0.0	0.0	0.0	0.0	0.0	0.0	0.0	0.0	0.0
CIR16-002	0.0	0.0	0.0	0.0	0.0	0.0	0.0	0.0	0.0	0.0	0.0	0.0	0.0	0.0	0.0	0.0	0.0	0.0	0.0	0.0	0.0	0.0	0.0	0.0	0.0	0.0	0.0	0.0	0.0	0.0	0.0	0.0	0.0	0.0	0.0	0.0	0.0	0.0	0.0	0.0	0.0	0.0	0.0	0.0	0.0	0.0	0.0	0.0	0.0	0.0
CIR23-001	0.0	0.0	0.0	5222.3025	0.0	0.0	0.0	0.0	8935.767	0.0	0.0	0.0	0.0	0.0	0.0	250407.8085	0.0	240863.016	0.0	127231.9145	11401.176	20806.252	0.0	24496.949	0.0	0.0	0.0	0.0	0.0	0.0	0.0	0.0	0.0	0.0	0.0	0.0	0.0	0.0	0.0	0.0	0.0	0.0	0.0	0.0	0.0	0.0	0.0	0.0	0.0	0.0
CIR58-001	0.0	0.0	0.0	0.0	0.0	0.0	0.0	0.0	0.0	0.0	0.0	294041.333	0.0	6815.9215	0.0	0.0	5444.6205	0.0	5160.078	167930.1795	0.0	0.0	0.0	140490.885	0.0	0.0	0.0	0.0	0.0	0.0	0.0	0.0	0.0	0.0	0.0	0.0	0.0	0.0	0.0	0.0	0.0	0.0	0.0	0.0	0.0	0.0	0.0	0.0	0.0	0.0
CIR7-002	0.0	0.0	0.0	0.0	0.0	0.0	0.0	0.0	0.0	0.0	0.0	0.0	0.0	0.0	0.0	0.0	0.0	0.0	0.0	0.0	0.0	0.0	0.0	0.0	0.0	0.0	0.0	0.0	0.0	0.0	0.0	0.0	0.0	0.0	0.0	0.0	0.0	0.0	0.0	0.0	0.0	0.0	0.0	0.0	0.0	0.0	0.0	0.0	0.0	0.0
CIR21-001	0.0	0.0	0.0	0.0	0.0	0.0	0.0	0.0	0.0	0.0	6619.011	0.0	5281.893	0.0	0.0	7530.53	0.0	0.0	0.0	9018.891	0.0	15490.9955	17838.192	0.0	6913.906	0.0	0.0	0.0	0.0	0.0	0.0	0.0	0.0	0.0	0.0	0.0	0.0	0.0	0.0	0.0	0.0	0.0	0.0	0.0	0.0	0.0	0.0	0.0	0.0	0.0
CIR41-002	0.0	14223.916	26345.909	29048.348	0.0	41726.1005	0.0	0.0	63441.1605	0.0	0.0	5793.303000000001	0.0	0.0	30337.8285	0.0	0.0	0.0	0.0	0.0	60625.185	0.0	0.0	13258.8755	10442.4265	0.0	0.0	0.0	0.0	0.0	0.0	0.0	0.0	0.0	0.0	0.0	0.0	0.0	0.0	0.0	0.0	0.0	0.0	0.0	0.0	0.0	0.0	0.0	0.0	0.0
CIR26-001	0.0	0.0	0.0	0.0	0.0	0.0	0.0	0.0	17952.762	0.0	0.0	135977.908	0.0	132771.9735	0.0	91851.286	192150.963	112356.464	0.0	246092.192	0.0	34933.59	0.0	310812.7735	0.0	0.0	0.0	0.0	0.0	0.0	0.0	0.0	0.0	0.0	0.0	0.0	0.0	0.0	0.0	0.0	0.0	0.0	0.0	0.0	0.0	0.0	0.0	0.0	0.0	0.0
CIR22-002	0.0	0.0	0.0	0.0	13023.6555	14605.273	0.0	0.0	14038.232	0.0	0.0	21326.113	54489.051	0.0	0.0	0.0	0.0	0.0	0.0	0.0	0.0	0.0	0.0	11671.0335	67551.3665	0.0	0.0	0.0	0.0	0.0	0.0	0.0	0.0	0.0	0.0	63101.8235	5202.787	0.0	0.0	0.0	0.0	0.0	0.0	0.0	0.0	0.0	0.0	0.0	0.0	0.0
CIR52-001	0.0	0.0	0.0	0.0	0.0	5395.213000000002	0.0	0.0	6443.5135	0.0	0.0	0.0	0.0	0.0	0.0	0.0	0.0	0.0	0.0	14649.744	0.0	0.0	0.0	0.0	0.0	0.0	0.0	0.0	0.0	0.0	0.0	0.0	0.0	0.0	0.0	0.0	0.0	0.0	0.0	0.0	0.0	0.0	0.0	0.0	0.0	0.0	0.0	0.0	0.0	0.0
CIR53-002	0.0	0.0	0.0	0.0	0.0	0.0	0.0	0.0	0.0	0.0	0.0	0.0	0.0	0.0	0.0	10012.5575	0.0	0.0	0.0	39505.4765	0.0	0.0	0.0	0.0	0.0	0.0	0.0	0.0	0.0	0.0	0.0	0.0	0.0	0.0	0.0	0.0	0.0	0.0	0.0	0.0	0.0	0.0	0.0	0.0	9788.1645	0.0	0.0	0.0	0.0	0.0
CIR60-001	0.0	0.0	0.0	0.0	0.0	0.0	0.0	19366.5575	0.0	19340.2915	15311.459	0.0	13843.88	0.0	0.0	0.0	0.0	0.0	0.0	9047.998	5379.9675	0.0	0.0	0.0	23619.922	0.0	0.0	0.0	0.0	0.0	0.0	0.0	0.0	0.0	0.0	0.0	0.0	0.0	0.0	0.0	0.0	0.0	0.0	0.0	0.0	0.0	0.0	0.0	0.0	0.0
CIR60-002	0.0	0.0	0.0	0.0	0.0	0.0	0.0	0.0	0.0	0.0	0.0	0.0	0.0	0.0	0.0	0.0	0.0	0.0	0.0	0.0	0.0	0.0	0.0	0.0	0.0	0.0	0.0	0.0	0.0	0.0	0.0	0.0	0.0	0.0	0.0	0.0	0.0	0.0	0.0	0.0	0.0	0.0	0.0	0.0	0.0	0.0	0.0	0.0	0.0	0.0
CIR51-003	0.0	0.0	0.0	0.0	0.0	0.0	0.0	8942.985999999999	0.0	7252.473000000001	0.0	0.0	0.0	0.0	0.0	0.0	0.0	0.0	0.0	5432.948	0.0	0.0	0.0	0.0	6024.2645	0.0	0.0	7464.545	0.0	0.0	0.0	0.0	0.0	0.0	0.0	0.0	7706.7159999999985	119938.6075	0.0	0.0	0.0	0.0	0.0	0.0	7156.576	0.0	0.0	0.0	0.0	15287.8305
CIR19-002	0.0	0.0	0.0	0.0	0.0	0.0	0.0	0.0	0.0	5787.9625	0.0	0.0	0.0	0.0	0.0	0.0	0.0	0.0	0.0	0.0	6671.0585	0.0	0.0	0.0	0.0	0.0	0.0	0.0	0.0	0.0	0.0	0.0	0.0	0.0	0.0	0.0	0.0	0.0	0.0	0.0	0.0	0.0	0.0	0.0	0.0	0.0	0.0	0.0	0.0	0.0
CIR18-001	0.0	0.0	0.0	0.0	0.0	7084.0405	0.0	12741.6655	8754.4035	17087.5725	0.0	0.0	0.0	0.0	0.0	0.0	0.0	0.0	0.0	0.0	8289.609	0.0	0.0	0.0	0.0	0.0	0.0	0.0	0.0	0.0	0.0	0.0	0.0	0.0	0.0	0.0	8198.5445	0.0	0.0	0.0	0.0	0.0	0.0	0.0	0.0	0.0	0.0	7754.5215	0.0	0.0
CIR4-002	0.0	0.0	120582.5485	0.0	20588.767	179922.8565	0.0	5408.0675	212581.1025	0.0	18179.0405	0.0	0.0	0.0	0.0	0.0	0.0	0.0	0.0	0.0	208065.6155	0.0	0.0	13967.7515	0.0	0.0	0.0	0.0	0.0	0.0	0.0	0.0	0.0	0.0	0.0	0.0	0.0	0.0	0.0	0.0	0.0	6498.533	0.0	0.0	0.0	11999.907	24500.2035	0.0	50521.1685	0.0
CIR57-002	0.0	0.0	0.0	0.0	0.0	0.0	29581.3465	5150.025	0.0	0.0	0.0	0.0	0.0	0.0	0.0	0.0	0.0	0.0	0.0	0.0	0.0	0.0	0.0	6697.9445	35474.741	0.0	0.0	0.0	0.0	0.0	0.0	0.0	0.0	0.0	0.0	0.0	0.0	0.0	0.0	0.0	0.0	13049.746	0.0	0.0	0.0	0.0	0.0	0.0	0.0	0.0
CIR42-001	0.0	0.0	0.0	0.0	0.0	0.0	0.0	0.0	0.0	0.0	0.0	0.0	0.0	0.0	0.0	0.0	0.0	0.0	0.0	0.0	0.0	0.0	0.0	0.0	0.0	0.0	0.0	0.0	0.0	0.0	0.0	0.0	0.0	0.0	0.0	0.0	0.0	0.0	0.0	0.0	0.0	0.0	0.0	0.0	0.0	0.0	0.0	0.0	0.0	0.0
CIR61-002	0.0	0.0	0.0	0.0	0.0	0.0	48175.8865	0.0	0.0	0.0	0.0	0.0	0.0	0.0	0.0	0.0	12228.7045	0.0	28447.9895	5459.038000000001	0.0	0.0	0.0	0.0	33624.4495	0.0	0.0	0.0	0.0	0.0	0.0	0.0	0.0	0.0	0.0	0.0	0.0	26546.1255	0.0	0.0	0.0	0.0	0.0	0.0	0.0	0.0	0.0	0.0	0.0	0.0
CIR20-001	0.0	0.0	0.0	0.0	0.0	0.0	9759.3045	0.0	0.0	0.0	0.0	6298.55	0.0	0.0	0.0	7315.974	0.0	0.0	0.0	17973.78	0.0	0.0	0.0	0.0	0.0	0.0	0.0	6570.294	0.0	0.0	0.0	0.0	0.0	0.0	0.0	9943.912	0.0	0.0	0.0	0.0	0.0	23969.751	0.0	0.0	0.0	0.0	0.0	0.0	0.0	0.0
CIR20-002	0.0	0.0	0.0	0.0	0.0	0.0	0.0	0.0	0.0	0.0	0.0	0.0	0.0	0.0	0.0	0.0	0.0	0.0	0.0	0.0	0.0	0.0	0.0	0.0	0.0	0.0	0.0	0.0	0.0	0.0	0.0	0.0	0.0	0.0	0.0	0.0	0.0	0.0	0.0	0.0	0.0	0.0	0.0	0.0	0.0	0.0	0.0	0.0	0.0	0.0
CIR51-005	0.0	0.0	5567.0545	0.0	0.0	8496.3765	6680.443	0.0	10794.287	0.0	7631.724	0.0	6402.978	0.0	0.0	0.0	0.0	0.0	0.0	8639.655999999999	13192.79	5270.0165	16396.315	0.0	5640.3319999999985	0.0	0.0	0.0	0.0	0.0	0.0	0.0	14758.684	0.0	0.0	0.0	7175.273	0.0	0.0	0.0	0.0	0.0	0.0	9947.944	0.0	0.0	0.0	0.0	0.0	14444.4635
CIR4-003	0.0	0.0	0.0	0.0	0.0	0.0	0.0	0.0	0.0	0.0	5810.3275	0.0	0.0	0.0	0.0	0.0	0.0	0.0	0.0	0.0	0.0	0.0	0.0	0.0	0.0	6180.1825	0.0	0.0	0.0	0.0	0.0	14430.7495	0.0	103836.3225	53371.7765	0.0	0.0	0.0	0.0	6035.2085	5708.5305	0.0	24732.346	0.0	0.0	0.0	28904.4275	0.0	0.0	381367.9365
CIR18-002	0.0	0.0	0.0	0.0	0.0	5038.449000000001	0.0	17090.881	8079.6545	17202.738	0.0	12713.0955	0.0	13846.9755	5370.7335	22704.0615	8693.3665	0.0	0.0	10399.8645	10247.3965	0.0	8393.893	0.0	0.0	0.0	0.0	0.0	0.0	0.0	0.0	0.0	0.0	0.0	0.0	0.0	0.0	0.0	0.0	0.0	0.0	0.0	0.0	0.0	0.0	0.0	0.0	8431.962	0.0	0.0
CIR41-001	19533.3375	25326.105	19334.7645	20640.6355	8914.386	54058.665	0.0	0.0	62090.832	0.0	0.0	0.0	0.0	0.0	20756.3845	0.0	0.0	0.0	0.0	0.0	44926.8155	0.0	0.0	0.0	0.0	0.0	0.0	0.0	0.0	0.0	0.0	0.0	0.0	0.0	0.0	0.0	0.0	0.0	0.0	0.0	0.0	0.0	0.0	0.0	0.0	0.0	0.0	0.0	0.0	6342.5055
CIR63-002	0.0	0.0	0.0	0.0	0.0	0.0	0.0	0.0	0.0	0.0	0.0	0.0	0.0	0.0	0.0	0.0	0.0	0.0	0.0	0.0	0.0	0.0	0.0	0.0	0.0	0.0	0.0	0.0	0.0	12189.7425	0.0	0.0	0.0	0.0	0.0	0.0	0.0	0.0	0.0	0.0	0.0	0.0	0.0	0.0	52353.4135	0.0	0.0	0.0	0.0	0.0
CIR19-001	0.0	0.0	0.0	0.0	0.0	0.0	0.0	0.0	0.0	0.0	0.0	0.0	0.0	0.0	0.0	0.0	0.0	0.0	0.0	0.0	0.0	0.0	0.0	0.0	0.0	0.0	0.0	0.0	0.0	0.0	0.0	0.0	0.0	0.0	0.0	0.0	0.0	0.0	0.0	0.0	0.0	0.0	0.0	0.0	0.0	0.0	0.0	0.0	0.0	0.0
CIR5-001	0.0	0.0	0.0	0.0	0.0	0.0	0.0	0.0	0.0	0.0	0.0	0.0	0.0	52919.0555	0.0	0.0	73084.709	0.0	0.0	0.0	0.0	0.0	0.0	18256.756	0.0	0.0	0.0	0.0	0.0	0.0	0.0	0.0	0.0	0.0	0.0	0.0	0.0	0.0	0.0	0.0	0.0	0.0	0.0	0.0	0.0	0.0	0.0	0.0	0.0	0.0
CIR55-002	0.0	0.0	0.0	0.0	0.0	0.0	27556.5315	0.0	0.0	0.0	0.0	0.0	0.0	0.0	0.0	18008.683999999994	0.0	75376.19099999999	5211.4615	16090.8005	0.0	293031.1605	0.0	0.0	0.0	0.0	0.0	0.0	0.0	0.0	0.0	0.0	0.0	0.0	0.0	0.0	0.0	38489.159	0.0	0.0	0.0	0.0	0.0	0.0	0.0	0.0	0.0	0.0	0.0	19848.7525
CIR26-002	42007.756	59620.4735	53257.4495	55327.543	0.0	114922.3455	0.0	0.0	113913.113	0.0	0.0	0.0	0.0	0.0	59258.77	32203.9755	0.0	21705.3055	0.0	0.0	111572.997	0.0	0.0	0.0	0.0	0.0	0.0	0.0	0.0	0.0	0.0	0.0	0.0	0.0	0.0	0.0	0.0	30912.994	0.0	0.0	0.0	0.0	0.0	0.0	0.0	0.0	0.0	0.0	0.0	5362.26
CIR5-002	0.0	0.0	0.0	0.0	0.0	0.0	0.0	0.0	0.0	0.0	0.0	10726.887	0.0	0.0	0.0	0.0	0.0	6616.502	0.0	0.0	0.0	0.0	0.0	0.0	0.0	0.0	0.0	0.0	0.0	0.0	0.0	0.0	0.0	0.0	0.0	0.0	0.0	0.0	0.0	0.0	0.0	0.0	0.0	0.0	0.0	0.0	0.0	0.0	0.0	0.0
CIR55-001	0.0	0.0	0.0	0.0	0.0	0.0	12830.296	0.0	0.0	0.0	0.0	0.0	0.0	22738.344	0.0	51312.27099999999	20301.0475	68369.0915	0.0	12780.0755	0.0	0.0	0.0	0.0	0.0	0.0	0.0	0.0	0.0	0.0	0.0	0.0	0.0	0.0	0.0	0.0	0.0	0.0	0.0	0.0	0.0	0.0	0.0	0.0	0.0	0.0	0.0	0.0	0.0	0.0
CIR7-001	5421.9445	0.0	5897.0430000000015	5322.5995	0.0	14122.4635	0.0	0.0	14844.1285	0.0	0.0	0.0	0.0	9506.212	5116.231	10395.2805	9113.535	0.0	0.0	18381.691000000006	13839.426	0.0	0.0	0.0	0.0	0.0	0.0	0.0	0.0	0.0	0.0	0.0	19772.874	0.0	0.0	0.0	0.0	0.0	0.0	0.0	0.0	0.0	0.0	0.0	0.0	0.0	0.0	0.0	0.0	0.0
