	TACGTAGGTGGCGAGCGTTATCCGGAATTATTGGGCGTAAAGAGGGAGCAGGCGGCACTAAGGGTCTGTGGTGAAAGATCGAAGCTTAACTTCGGTAAGCCATGGAAACCGTAGAGCTAGAGTGTGTGAGAGGATCGTGGAATTCCATGT	TACGTAGGGGGCAAGCGTTATCCGGATTTACTGGGTGTAAAGGGAGCGTAGACGGATGGACAAGTCTGATGTGAAAGGCTGGGGCTCAACCCCGGGACTGCATTGGAAACTGCCCGTCTTGAGTGCCGGAGAGGTAAGCGGAATTCCTAG	TACGTAGGTCCCGAGCGTTGTCCGGATTTATTGGGCGTAAAGCGAGCGCAGGCGGTTTGATAAGTCTGAAGTTAAAGGCTGTGGCTCAACCATAGTTCGCTTTGGAAACTGTCAAACTTGAGTGCAGAAGGGGAGAGTGGAATTCCATGT	TACGTAGGGGGCTAGCGTTATCCGGAATTACTGGGCGTAAAGGGTGCGTAGGTGGTTTCTTAAGTCAGAGGTGAAAGGCTACGGCTCAACCGTAGTAAGCCTTTGAAACTGGGAAACTTGAGTGCAGGAGAGGAGAGTGGAATTCCTAGT	TACGTAGGGGGCAAGCGTTATCCGGATTTACTGGGTGTAAAGGGAGCGTAGACGGTGTGGCAAGTCTGATGTGAAAGGCATGGGCTCAACCTGTGGACTGCATTGGAAACTGTCATACTTGAGTGCCGGAGGGGTAAGCGGAATTCCTAG	TACGGAGGGTGCAAGCGTTAATCGGAATTACTGGGCGTAAAGCGCACGCAGGCGGTCTGTCAAGTCGGATGTGAAATCCCCGGGCTCAACCTGGGAACTGCATTCGAAACTGGCAGGCTAGAGTCTTGTAGAGGGGGGTAGAATTCCAGG	TACGTAGGGGGCAAGCGTTATCCGGATTTACTGGGTGTAAAGGGAGCGTAGACGGCACGGCAAGCCAGATGTGAAAGCCCGGGGCTCAACCCCGGGACTGCATTTGGAACTGCTGAGCTAGAGTGTCGGAGAGGCAAGTGGAATTCCTAG	TACGGAGGGTGCAAGCGTTAATCGGAATTACTGGGCGTAAAGCGCACGCAGGCGGTTTGTTAAGTCAGATGTGAAATCCCCGGGCTCAACCTGGGAACTGCATCTGATACTGGCAAGCTTGAGTCTCGTAGAGGGGGGTAGAATTCCAGG	AACGTAGGTCACAAGCGTTGTCCGGAATTACTGGGTGTAAAGGGAGCGCAGGCGGGAAGACAAGTTGGAAGTGAAATCTATGGGCTCAACCCATAAACTGCTTTCAAAACTGTTTTTCTTGAGTAGTGCAGAGGTAGGCGGAATTCCCGG	TACGTAGGGGGCGAGCGTTATCCGGATTCATTGGGCGTAAAGCGCGCGTAGGCGGCCCGGCAGGCCGGGGGTCGAAGCGGGGGGCTCAACCCCCCGAAGCCCCCGGAACCTCCGCGGCTTGGGTCCGGTAGGGGAGGGTGGAACACCCGG	TACGTAGGGCGCGAGCGTTGTCCGGAATTATTGGGCGTAAAGGGCTTGTAGGCGGTTGGTCGCGTCTGCCGTGAAATCCTCTGGCTTAACTGGGGGCGTGCGGTGGGTACGGGCTGACTTGAGTGCGGTAGGGGAGACTGGAACTCCTGG	TACGGAGGGTGCGAGCGTTAATCGGAATAACTGGGCGTAAAGGGCACGCAGGCGGTGACTTAAGTGAGGTGTGAAAGCCCCGGGCTTAACCTGGGAATTGCATTTCATACTGGGTCGCTAGAGTACTTTAGGGAGGGGTAGAATTCCACG	TACGTAGGGTGCAAGCGTTATCCGGAATTATTGGGCGTAAAGGGCTCGTAGGCGGTTCGTCGCGTCCGGTGTGAAAGTCCATCGCTTAACGGTGGATCCGCGCCGGGTACGGGCGGGCTTGAGTGCGGTAGGGGAGACTGGAATTCCCGG	TACGTAGGTGGCAAGCGTTATCCGGAATTATTGGGCGTAAAGAGGGAGCAGGCGGCAGCAAGGGTCTGTGGTGAAAGCCTGAAGCTTAACTTCAGTAAGCCATAGAAACCAGGCAGCTAGAGTGCAGGAGAGGATCGTGGAATTCCATGT	TACGTAGGTGGCAAGCGTTGTCCGGAATTATTGGGCGTAAAGCGCGCGCAGGCGGATTGGTCAGTCTGTCTTAAAAGTTCGGGGCTTAACCCCGTGATGGGATGGAAACTGCCAATCTAGAGTATCGGAGAGGAAAGTGGAATTCCTAGT	TACGTAGGTCCCGAGCGTTATCCGGATTTATTGGGCGTAAAGCGAGCGCAGGCGGTTAGATAAGTCTGAAGTTAAAGGCTGTGGCTTAACCATAGTACGCTTTGGAAACTGTTTAACTTGAGTGCAGAAGGGGAGAGTGGAATTCCATGT	TACGTAGGGGGCAAGCGTTATCCGGATTTACTGGGTGTAAAGGGAGCGTAGACGGCATGGCAAGCCAGATGTGAAAGCCCGGGGCTCAACCCCGGGACTGCATTTGGAACTGTCAGGCTAGAGTGTCGGAGAGGAAAGCGGAATTCCTAG	TACGTAGGTGGCAAGCGTTGTCCGGAATTATTGGGCGTAAAGCGCGCGCAGGCGGATAGGTCAGTCTGTCTTAAAAGTTCGGGGCTTAACCCCGTGATGGGATGGAAACTGCCAATCTAGAGTATCGGAGAGGAAAGTGGAATTCCTAGT	TACGTAGGGGGCAAGCGTTATCCGGATTTACTGGGTGTAAAGGGAGCGTAGACGGTTAAGCAAGTCTGAAGTGAAAGCCCGGGGCTCAACCCCGGTACTGCTTTGGAAACTGTTTGACTTGAGTGCAGGAGAGGTAAGTGGAATTCCTAG	TACGTAGGTGGCAAGCGTTGTCCGGATTTACTGGGTGTAAAGGGCGTGCAGCCGGGCCGGCAAGTCAGATGTGAAATCTGGAGGCTTAACCTCCAAACTGCATTTGAAACTGTAGGTCTTGAGTACCGGAGAGGTTATCGGAATTCCTTG	TACGTAGGGGGCAAGCGTTATCCGGATTTACTGGGTGTAAAGGGAGCGTAGACGGAAGAGCAAGTCTGATGTGAAAGGCTGGGGCTTAACCCCAGGACTGCATTGGAAACTGTTTTTCTAGAGTGCCGGAGAGGTAAGCGGAATTCCTAG	TACGGAGGATCCGAGCGTTATCCGGATTTATTGGGTTTAAAGGGAGCGTAGGTGGATTGTTAAGTCAGTTGTGAAAGTTTGCGGCTCAACCGTAAAATTGCAGTTGAAACTGGCAGTCTTGAGTACAGTAGAGGTGGGCGGAATTCGTGG	TACGTAGGTGGCAAGCGTTATCCGGAATCATTGGGCGTAAAGGGTGCGTAGGTGGCGTACTAAGTCTGTAGTAAAAGGCAATGGCTCAACCATTGTAAGCTATGGAAACTGGTATGCTGGAGTGCAGAAGAGGGCGATGGAATTCCATGT	TACGTAGGTGGCGAGCGTTATCCGGAATTATTGGGCGTAAAGAGGGAGCAGGCGGCGGCAGAGGTCTGTGGTGAAAGACTGAAGCTTAACTTCAGTAAGCCATAGAAACCGGGCTGCTAGAGTGCAGGAGAGGATCGTGGAATTCCATGT	AACGTAGGTCACAAGCGTTGTCCGGAATTACTGGGTGTAAAGGGAGCGCAGGCGGGAAGACAAGTTGGAAGTGAAATCCATGGGCTCAACCCATGAACTGCTTTCAAAACTGTTTTTCTTGAGTAGTGCAGAGGTAGGCGGAATTCCCGG	TACGGAGGATCCGAGCGTTATCCGGATTTATTGGGTTTAAAGGGAGCGTAGATGGATGTTTAAGTCAGTTGTGAAAGTTTGCGGCTCAACCGTAAAATTGCAGTTGATACTGGATGTCTTGAGTGCAGTTGAGGCAGGCGGAATTCGTGG	TACGTAGGGGGCAAGCGTTATCCGGATTTACTGGGTGTAAAGGGAGCGTAGACGGCGAAGCAAGTCTGAAGTGAAAACCCAGGGCTCAACCCTGGGACTGCTTTGGAAACTGTTTTGCTAGAGTGTCGGAGAGGTAAGTGGAATTCCTAG
TW-CO-002	3.0	66.0	1.0	347.0	32.0	0.0	45.0	17.0	29.0	87.0	1.0	0.0	943.0	0.0	0.0	0.0	0.0	0.0	0.0	0.0	0.0	14.0	0.0	19.0	10.0	0.0	0.0
TW-BT-001	13.0	17.0	2.0	20.0	12.0	0.0	7.0	6409.0	0.0	19.0	0.0	0.0	80.0	0.0	0.0	0.0	0.0	0.0	0.0	0.0	0.0	2.0	0.0	0.0	0.0	2.0	0.0
TW-CA-002	0.0	14.0	47.0	16.0	8.0	0.0	65.0	554.0	4.0	39.0	2.0	0.0	27.0	0.0	0.0	25.0	0.0	0.0	0.0	0.0	0.0	0.0	0.0	8.0	3.0	0.0	0.0
TW-BD-002	0.0	0.0	1.0	96.0	3.0	2.0	0.0	0.0	1.0	0.0	0.0	0.0	25.0	0.0	0.0	0.0	0.0	15.0	0.0	0.0	0.0	0.0	0.0	0.0	0.0	0.0	0.0
TW-AV-001	0.0	23.0	8.0	636.0	61.0	2.0	178.0	1.0	3.0	54.0	32.0	0.0	0.0	0.0	0.0	1.0	0.0	0.0	0.0	0.0	0.0	0.0	0.0	0.0	4.0	0.0	4.0
TW-BS-002	241.0	10.0	0.0	0.0	184.0	0.0	84.0	2.0	673.0	0.0	0.0	2.0	24.0	3.0	0.0	0.0	30.0	0.0	0.0	14.0	0.0	400.0	2.0	8.0	83.0	2203.0	10.0
TW-BJ-001	162.0	107.0	4.0	46.0	115.0	0.0	62.0	4.0	1058.0	33.0	0.0	34.0	380.0	0.0	0.0	6.0	0.0	2.0	0.0	0.0	0.0	64.0	0.0	8.0	982.0	0.0	0.0
TW-CC-002	0.0	9.0	1.0	26.0	29.0	0.0	25.0	999.0	0.0	10.0	0.0	0.0	70.0	7.0	0.0	0.0	0.0	0.0	0.0	0.0	0.0	5.0	0.0	15.0	0.0	0.0	0.0
TW-BU-002	3.0	70.0	0.0	0.0	222.0	0.0	0.0	8.0	0.0	0.0	0.0	0.0	0.0	35.0	0.0	1.0	135.0	0.0	2.0	24.0	17.0	0.0	0.0	49.0	0.0	0.0	5.0
TW-BO-002	154.0	22.0	2.0	27.0	72.0	0.0	131.0	2.0	1012.0	17.0	0.0	1.0	20.0	0.0	0.0	0.0	2.0	0.0	0.0	9.0	0.0	107.0	0.0	0.0	258.0	1.0	0.0
TW-BK-001	58.0	17.0	6.0	2.0	233.0	0.0	9.0	368.0	111.0	134.0	0.0	0.0	177.0	0.0	0.0	0.0	1.0	0.0	0.0	64.0	0.0	74.0	0.0	10.0	88.0	0.0	0.0
TW-AW-001	84.0	53.0	0.0	7.0	49.0	0.0	166.0	20.0	520.0	69.0	0.0	0.0	1.0	5.0	2.0	0.0	38.0	0.0	2.0	3.0	0.0	157.0	0.0	0.0	0.0	0.0	0.0
TW-AX-002	12.0	51.0	5.0	0.0	21.0	0.0	53.0	2.0	238.0	0.0	0.0	0.0	0.0	2.0	0.0	0.0	0.0	0.0	0.0	13.0	0.0	171.0	0.0	0.0	504.0	99.0	0.0
TW-BG-001	59.0	55.0	11.0	35.0	370.0	0.0	8.0	3.0	133.0	34.0	0.0	3.0	402.0	0.0	6.0	2.0	0.0	3.0	0.0	2.0	0.0	352.0	0.0	0.0	187.0	0.0	0.0
TW-CH-002	0.0	146.0	26.0	73.0	2772.0	0.0	253.0	5.0	455.0	40.0	1.0	2.0	619.0	5.0	2.0	5.0	34.0	0.0	0.0	0.0	0.0	0.0	0.0	74.0	0.0	0.0	0.0
TW-AW-002	0.0	87.0	38.0	1148.0	68.0	0.0	242.0	1.0	6.0	95.0	66.0	0.0	0.0	0.0	0.0	2.0	0.0	0.0	0.0	0.0	0.0	0.0	0.0	0.0	4.0	1.0	0.0
TW-BZ-002	549.0	47.0	2.0	0.0	161.0	0.0	123.0	16.0	355.0	11.0	0.0	3.0	0.0	0.0	0.0	0.0	0.0	0.0	0.0	8.0	0.0	181.0	0.0	16.0	0.0	212.0	0.0
TW-BD-001	160.0	0.0	16.0	0.0	12.0	1.0	96.0	4.0	274.0	0.0	1.0	0.0	1.0	0.0	0.0	0.0	4.0	0.0	2.0	117.0	0.0	26.0	1.0	9.0	1103.0	680.0	73.0
TW-AG-001	4.0	26.0	22.0	0.0	173.0	0.0	85.0	1.0	138.0	23.0	2.0	1.0	84.0	0.0	0.0	4.0	0.0	0.0	0.0	7.0	8.0	25.0	3.0	6.0	709.0	0.0	0.0
TW-CV-001	72.0	28.0	2.0	35.0	1.0	0.0	10.0	1.0	2.0	9.0	0.0	0.0	0.0	0.0	0.0	0.0	0.0	0.0	0.0	0.0	0.0	0.0	0.0	0.0	1.0	0.0	0.0
TW-CK-001	0.0	183.0	1.0	202.0	220.0	0.0	256.0	2.0	14.0	164.0	17.0	0.0	55.0	0.0	0.0	0.0	0.0	0.0	0.0	0.0	0.0	0.0	0.0	0.0	13.0	0.0	0.0
TW-CU-002	0.0	5.0	76.0	149.0	4.0	0.0	31.0	1.0	6.0	19.0	0.0	0.0	23.0	0.0	0.0	0.0	0.0	0.0	0.0	0.0	0.0	0.0	0.0	0.0	9.0	0.0	0.0
TW-AO-001	20.0	8.0	5.0	3.0	5.0	0.0	3.0	2.0	0.0	0.0	0.0	0.0	1.0	0.0	0.0	0.0	0.0	0.0	0.0	0.0	0.0	0.0	0.0	0.0	1.0	1.0	0.0
TW-AE-002	172.0	35.0	25.0	3.0	112.0	0.0	142.0	5.0	0.0	0.0	0.0	0.0	0.0	7.0	4.0	0.0	61.0	0.0	0.0	0.0	8.0	167.0	4.0	11.0	969.0	0.0	8.0
TW-BQ-001	174.0	21.0	24.0	0.0	167.0	0.0	42.0	4.0	446.0	0.0	0.0	0.0	0.0	9.0	1.0	2.0	0.0	0.0	2.0	4.0	0.0	0.0	2.0	0.0	0.0	774.0	7.0
TW-AF-001	568.0	632.0	155.0	45.0	397.0	0.0	104.0	3.0	15.0	57.0	6.0	0.0	625.0	6.0	0.0	21.0	27.0	0.0	0.0	4.0	0.0	9.0	0.0	33.0	212.0	0.0	0.0
TW-CF-001	2.0	309.0	1613.0	175.0	881.0	0.0	184.0	0.0	47.0	0.0	1.0	0.0	436.0	4.0	0.0	163.0	0.0	0.0	0.0	0.0	0.0	0.0	0.0	9.0	17.0	0.0	0.0
TW-CT-001	0.0	2.0	0.0	15.0	1.0	224.0	3.0	723.0	0.0	13.0	0.0	0.0	0.0	0.0	0.0	0.0	0.0	0.0	0.0	0.0	0.0	0.0	0.0	0.0	0.0	5.0	0.0
TW-BM-002	123.0	85.0	0.0	6.0	63.0	0.0	136.0	2.0	952.0	39.0	0.0	0.0	944.0	0.0	0.0	0.0	12.0	0.0	0.0	4.0	0.0	121.0	0.0	15.0	130.0	975.0	0.0
TW-DA-002	0.0	1.0	1.0	1743.0	172.0	0.0	0.0	1.0	146.0	0.0	7.0	2.0	187.0	22.0	2.0	0.0	17.0	2.0	6.0	7.0	5.0	9.0	0.0	7.0	0.0	0.0	4.0
TW-DP-002	1.0	92.0	3.0	0.0	37.0	0.0	21.0	6829.0	1.0	32.0	1.0	0.0	259.0	55.0	0.0	0.0	1.0	0.0	0.0	2.0	0.0	2.0	3.0	20.0	2.0	0.0	0.0
TW-BG-002	191.0	51.0	1.0	2.0	91.0	0.0	13.0	34.0	79.0	18.0	0.0	2.0	192.0	0.0	0.0	4.0	0.0	0.0	0.0	5.0	0.0	62.0	7.0	12.0	509.0	0.0	2.0
TW-BO-001	1073.0	662.0	13.0	14.0	536.0	0.0	691.0	16.0	94.0	258.0	1.0	0.0	671.0	0.0	0.0	0.0	342.0	0.0	0.0	8.0	0.0	10.0	0.0	8.0	95.0	0.0	0.0
TW-CE-001	20.0	8.0	3.0	3.0	74.0	0.0	15.0	8109.0	2.0	25.0	0.0	0.0	36.0	0.0	0.0	0.0	0.0	2.0	0.0	0.0	2.0	0.0	0.0	0.0	0.0	0.0	0.0
TW-CN-002	0.0	0.0	1.0	0.0	3.0	0.0	0.0	2.0	0.0	0.0	0.0	0.0	0.0	3.0	0.0	0.0	3.0	0.0	0.0	0.0	0.0	0.0	1.0	0.0	0.0	2.0	0.0
TW-EE-002	393.0	1622.0	65.0	186.0	272.0	0.0	97.0	17.0	11.0	314.0	0.0	0.0	879.0	0.0	0.0	3.0	4.0	0.0	0.0	0.0	0.0	9.0	0.0	13.0	6.0	0.0	0.0
TW-CW-002	3.0	443.0	114.0	556.0	699.0	0.0	180.0	22.0	101.0	0.0	4.0	0.0	734.0	16.0	0.0	0.0	80.0	3.0	0.0	4.0	3.0	9.0	0.0	2.0	35.0	0.0	0.0
TW-CY-002	32.0	67.0	0.0	1388.0	47.0	0.0	1.0	0.0	2.0	12.0	2.0	0.0	256.0	0.0	0.0	0.0	0.0	0.0	0.0	0.0	0.0	0.0	0.0	0.0	1.0	0.0	0.0
TW-CE-002	9.0	16.0	0.0	0.0	28.0	0.0	4.0	8677.0	0.0	7.0	0.0	0.0	1.0	0.0	0.0	0.0	0.0	0.0	0.0	0.0	0.0	0.0	0.0	0.0	0.0	0.0	0.0
TW-BN-002	51.0	33.0	0.0	10.0	22.0	0.0	26.0	4.0	172.0	14.0	0.0	30.0	0.0	0.0	13.0	6.0	3.0	0.0	0.0	0.0	0.0	8.0	0.0	0.0	53.0	0.0	0.0
TW-CO-001	28.0	9.0	11.0	233.0	35.0	0.0	23.0	5775.0	20.0	63.0	2.0	0.0	0.0	1.0	0.0	0.0	0.0	0.0	0.0	2.0	0.0	4.0	0.0	22.0	33.0	3.0	2.0
TW-CZ-001	54.0	246.0	36.0	9.0	165.0	0.0	112.0	538.0	648.0	32.0	0.0	0.0	0.0	0.0	0.0	0.0	12.0	0.0	0.0	18.0	2.0	247.0	0.0	8.0	0.0	0.0	18.0
TW-AT-002	34.0	50.0	0.0	3.0	30.0	0.0	44.0	3180.0	0.0	0.0	1.0	0.0	0.0	0.0	0.0	0.0	0.0	0.0	0.0	0.0	0.0	0.0	1.0	4.0	1.0	0.0	0.0
TW-AP-001	9.0	15.0	1.0	0.0	34.0	0.0	22.0	1678.0	444.0	12.0	0.0	0.0	19.0	0.0	0.0	0.0	0.0	0.0	0.0	8.0	0.0	85.0	0.0	0.0	59.0	0.0	0.0
TW-DZ-002	0.0	0.0	12.0	99.0	197.0	0.0	0.0	1057.0	16.0	30.0	1.0	0.0	0.0	28.0	0.0	0.0	0.0	0.0	2.0	10.0	0.0	26.0	17.0	8.0	0.0	0.0	13.0
TW-AI-001	95.0	219.0	0.0	8.0	61.0	0.0	178.0	7.0	1434.0	0.0	0.0	0.0	2134.0	0.0	0.0	0.0	4.0	0.0	0.0	11.0	0.0	255.0	0.0	10.0	91.0	970.0	0.0
TW-DX-001	23.0	165.0	2.0	218.0	153.0	0.0	134.0	827.0	180.0	67.0	0.0	2.0	0.0	1.0	0.0	0.0	20.0	1.0	2.0	5.0	0.0	167.0	3.0	9.0	81.0	0.0	0.0
TW-DJ-001	104.0	2.0	9.0	62.0	13.0	0.0	34.0	1.0	5.0	13.0	0.0	0.0	1.0	2.0	0.0	0.0	0.0	0.0	0.0	0.0	0.0	1.0	0.0	0.0	0.0	0.0	0.0
TW-DQ-001	303.0	224.0	27.0	3.0	131.0	521.0	77.0	1354.0	56.0	85.0	4.0	0.0	1438.0	0.0	0.0	4.0	2.0	0.0	0.0	0.0	0.0	12.0	0.0	15.0	59.0	8.0	0.0
TW-AZ-001	238.0	7.0	3.0	0.0	197.0	0.0	16.0	7.0	268.0	0.0	0.0	0.0	2.0	7.0	0.0	0.0	0.0	0.0	0.0	8.0	0.0	48.0	0.0	0.0	198.0	0.0	2.0
TW-DU-002	29.0	46.0	1.0	10.0	128.0	0.0	3.0	1521.0	19.0	4.0	2.0	0.0	16.0	1.0	0.0	0.0	0.0	0.0	0.0	13.0	1.0	0.0	8.0	2.0	7.0	202.0	53.0
TW-DK-001	0.0	219.0	47.0	3.0	237.0	0.0	1025.0	13.0	0.0	232.0	6.0	0.0	1025.0	92.0	0.0	5.0	0.0	0.0	0.0	0.0	0.0	0.0	6.0	3.0	0.0	0.0	0.0
TW-BZ-001	0.0	0.0	2.0	0.0	316.0	0.0	0.0	4.0	789.0	0.0	0.0	0.0	19.0	95.0	2.0	2.0	78.0	2.0	11.0	28.0	10.0	59.0	0.0	38.0	0.0	0.0	14.0
TW-AV-002	159.0	12.0	0.0	12.0	193.0	0.0	74.0	1.0	1401.0	27.0	0.0	0.0	0.0	1.0	0.0	0.0	4.0	0.0	0.0	5.0	0.0	0.0	1.0	15.0	38.0	42.0	6.0
TW-CQ-001	30.0	84.0	7.0	11.0	37.0	0.0	0.0	5.0	85.0	40.0	0.0	0.0	0.0	1.0	0.0	0.0	178.0	0.0	1.0	0.0	10.0	58.0	2.0	1.0	0.0	0.0	34.0
TW-AN-001	24.0	187.0	2.0	0.0	448.0	0.0	0.0	2.0	175.0	0.0	0.0	0.0	1.0	7.0	0.0	0.0	0.0	0.0	0.0	41.0	6.0	19.0	0.0	8.0	0.0	1084.0	22.0
TW-EH-002	0.0	126.0	4.0	5.0	14.0	0.0	0.0	541.0	0.0	0.0	3.0	0.0	0.0	22.0	0.0	1.0	10.0	0.0	0.0	0.0	36.0	0.0	1.0	0.0	0.0	0.0	0.0
TW-CG-001	357.0	190.0	58.0	47.0	244.0	0.0	24.0	16.0	10.0	40.0	7.0	0.0	9.0	0.0	0.0	5.0	0.0	0.0	0.0	0.0	0.0	1.0	0.0	10.0	9.0	0.0	0.0
TW-BE-002	0.0	0.0	0.0	0.0	0.0	0.0	0.0	2.0	0.0	0.0	0.0	0.0	0.0	0.0	0.0	0.0	0.0	0.0	0.0	0.0	0.0	0.0	0.0	0.0	0.0	0.0	0.0
TW-EE-001	254.0	131.0	5.0	655.0	314.0	0.0	291.0	1.0	18.0	282.0	0.0	0.0	301.0	0.0	0.0	3.0	9.0	0.0	0.0	0.0	0.0	2.0	0.0	61.0	0.0	8.0	0.0
TW-CN-001	1.0	0.0	3.0	80.0	44.0	0.0	1.0	0.0	1.0	0.0	15.0	0.0	1.0	0.0	0.0	0.0	1.0	0.0	0.0	0.0	0.0	0.0	0.0	0.0	0.0	1.0	0.0
TW-BN-001	0.0	52.0	1.0	0.0	51.0	0.0	56.0	13.0	1954.0	12.0	0.0	0.0	28.0	46.0	2.0	0.0	9.0	0.0	0.0	21.0	0.0	276.0	0.0	6.0	150.0	0.0	1.0
TW-CF-002	61.0	41.0	38.0	50.0	254.0	0.0	183.0	3.0	11.0	60.0	0.0	0.0	2036.0	3.0	0.0	9.0	0.0	0.0	0.0	0.0	0.0	0.0	0.0	2.0	17.0	0.0	0.0
TW-CQ-002	0.0	58.0	10.0	12.0	72.0	0.0	0.0	0.0	200.0	192.0	0.0	0.0	2.0	18.0	0.0	3.0	19.0	0.0	0.0	101.0	0.0	53.0	0.0	0.0	0.0	0.0	4.0
TW-BT-002	163.0	11.0	28.0	0.0	83.0	378.0	36.0	0.0	647.0	25.0	0.0	7.0	85.0	0.0	0.0	8.0	1.0	0.0	0.0	4.0	0.0	41.0	0.0	5.0	198.0	0.0	2.0
TW-DR-001	222.0	6.0	34.0	39.0	24.0	0.0	4.0	3357.0	4.0	0.0	1.0	0.0	26.0	5.0	0.0	0.0	6.0	0.0	0.0	1.0	0.0	4.0	0.0	1.0	1.0	0.0	0.0
TW-DA-001	4.0	55.0	0.0	38.0	20.0	0.0	55.0	10.0	261.0	112.0	0.0	1.0	605.0	0.0	0.0	0.0	0.0	0.0	0.0	1.0	0.0	11.0	0.0	7.0	186.0	0.0	0.0
TW-DU-001	7.0	44.0	1.0	0.0	36.0	0.0	0.0	4.0	547.0	47.0	0.0	0.0	0.0	2.0	0.0	0.0	3.0	0.0	0.0	0.0	0.0	0.0	1.0	8.0	0.0	125.0	7.0
TW-AR-001	369.0	113.0	8.0	126.0	232.0	0.0	233.0	3.0	18.0	82.0	0.0	0.0	62.0	0.0	0.0	2.0	0.0	0.0	0.0	0.0	0.0	0.0	0.0	3.0	21.0	0.0	0.0
TW-CB-002	0.0	7.0	0.0	24.0	93.0	0.0	174.0	0.0	1146.0	0.0	0.0	0.0	58.0	2.0	0.0	3.0	33.0	0.0	0.0	22.0	2.0	566.0	0.0	3.0	0.0	0.0	4.0
TW-BV-001	89.0	22.0	19.0	3.0	71.0	0.0	2.0	6.0	579.0	49.0	0.0	1.0	81.0	0.0	0.0	9.0	0.0	0.0	1.0	6.0	0.0	117.0	0.0	4.0	239.0	0.0	1.0
TW-AK-001	26.0	76.0	16.0	61.0	3.0	0.0	123.0	0.0	31.0	643.0	0.0	0.0	1066.0	0.0	0.0	6.0	0.0	0.0	0.0	0.0	0.0	0.0	0.0	12.0	7.0	1.0	0.0
TW-AY-002	0.0	32.0	7.0	9.0	225.0	0.0	18.0	3.0	301.0	24.0	0.0	2.0	24.0	0.0	0.0	0.0	0.0	0.0	0.0	6.0	0.0	695.0	0.0	27.0	487.0	1289.0	0.0
TW-AX-001	21.0	16.0	12.0	295.0	159.0	0.0	18.0	6.0	546.0	59.0	1.0	0.0	0.0	0.0	0.0	1.0	0.0	2.0	0.0	2.0	0.0	8.0	0.0	4.0	414.0	0.0	0.0
TW-AG-002	435.0	193.0	33.0	0.0	535.0	59.0	172.0	0.0	1078.0	0.0	0.0	0.0	4.0	0.0	0.0	21.0	83.0	2.0	0.0	8.0	0.0	232.0	0.0	0.0	0.0	0.0	1.0
TW-AU-001	129.0	50.0	2.0	0.0	192.0	0.0	63.0	7.0	826.0	18.0	0.0	0.0	365.0	0.0	0.0	0.0	0.0	0.0	2.0	9.0	0.0	252.0	0.0	5.0	256.0	18.0	2.0
TW-DG-002	23.0	32.0	1.0	6.0	12.0	12.0	96.0	980.0	1.0	0.0	2.0	0.0	0.0	1.0	0.0	0.0	0.0	0.0	0.0	0.0	0.0	2.0	1.0	17.0	1.0	0.0	0.0
TW-BE-001	299.0	30.0	5.0	2.0	207.0	0.0	71.0	66.0	424.0	6.0	0.0	0.0	68.0	1.0	1.0	1.0	6.0	0.0	0.0	7.0	0.0	150.0	0.0	5.0	41.0	201.0	1.0
TW-DS-001	112.0	64.0	3.0	1336.0	44.0	14.0	56.0	18.0	1.0	283.0	6.0	0.0	857.0	0.0	0.0	1.0	0.0	0.0	0.0	0.0	0.0	1.0	0.0	3.0	0.0	0.0	0.0
TW-BJ-002	452.0	330.0	2.0	4.0	183.0	0.0	0.0	7.0	26.0	0.0	0.0	0.0	155.0	16.0	0.0	0.0	20.0	0.0	8.0	49.0	0.0	237.0	5.0	14.0	0.0	0.0	50.0
TW-AI-002	0.0	225.0	0.0	54.0	997.0	0.0	0.0	312.0	18.0	556.0	0.0	0.0	779.0	15.0	0.0	0.0	146.0	0.0	0.0	0.0	0.0	2.0	3.0	0.0	0.0	3.0	0.0
TW-AU-002	78.0	28.0	15.0	11.0	15.0	0.0	118.0	2.0	293.0	33.0	0.0	0.0	265.0	0.0	0.0	0.0	0.0	0.0	0.0	2.0	0.0	393.0	0.0	0.0	771.0	0.0	1.0
TW-AN-002	0.0	1.0	0.0	0.0	197.0	0.0	310.0	2.0	288.0	0.0	0.0	4.0	0.0	43.0	0.0	0.0	99.0	0.0	2.0	29.0	19.0	1632.0	0.0	4.0	0.0	0.0	48.0
TW-BL-001	3.0	44.0	102.0	0.0	604.0	0.0	5.0	0.0	2104.0	33.0	4.0	3.0	0.0	0.0	2.0	4.0	0.0	0.0	0.0	0.0	0.0	67.0	1.0	0.0	1259.0	0.0	0.0
TW-CP-002	62.0	9.0	229.0	39.0	796.0	1.0	38.0	0.0	0.0	75.0	2.0	0.0	0.0	0.0	0.0	29.0	0.0	0.0	0.0	0.0	2.0	0.0	0.0	7.0	0.0	0.0	0.0
TW-BA-002	40.0	17.0	2.0	10.0	48.0	0.0	67.0	2.0	178.0	24.0	0.0	0.0	28.0	0.0	0.0	0.0	0.0	0.0	0.0	8.0	0.0	10.0	0.0	0.0	335.0	0.0	1.0
TW-AP-002	172.0	12.0	3.0	0.0	18.0	0.0	40.0	9.0	59.0	8.0	0.0	0.0	0.0	0.0	3.0	1.0	0.0	0.0	0.0	9.0	3.0	506.0	3.0	12.0	78.0	0.0	0.0
TW-BS-001	777.0	145.0	1.0	0.0	566.0	0.0	502.0	187.0	639.0	0.0	0.0	0.0	0.0	7.0	0.0	0.0	527.0	0.0	0.0	17.0	25.0	320.0	0.0	2.0	0.0	0.0	0.0
TW-AA-002	14.0	6.0	2.0	406.0	2.0	0.0	5.0	1.0	3.0	16.0	0.0	0.0	1.0	1.0	0.0	0.0	0.0	0.0	0.0	0.0	0.0	0.0	0.0	2.0	2.0	0.0	0.0
TW-AY-001	157.0	33.0	13.0	9.0	78.0	0.0	150.0	8.0	400.0	20.0	0.0	4.0	18.0	0.0	0.0	2.0	1.0	0.0	0.0	2.0	0.0	67.0	1.0	14.0	840.0	117.0	0.0
TW-BL-002	25.0	7.0	10.0	303.0	12.0	0.0	13.0	12.0	16.0	0.0	0.0	0.0	84.0	0.0	0.0	0.0	10.0	0.0	0.0	0.0	3.0	28.0	0.0	0.0	1.0	0.0	0.0
TW-DY-002	666.0	248.0	13.0	346.0	688.0	0.0	136.0	2.0	282.0	50.0	1.0	0.0	13.0	0.0	1.0	0.0	69.0	0.0	0.0	3.0	0.0	2.0	1.0	85.0	89.0	0.0	0.0
TW-DM-002	17.0	8.0	1.0	208.0	10.0	0.0	15.0	0.0	2.0	61.0	0.0	0.0	26.0	0.0	0.0	0.0	0.0	0.0	0.0	0.0	0.0	0.0	0.0	1.0	4.0	1.0	0.0
TW-AF-002	0.0	658.0	109.0	262.0	211.0	0.0	215.0	144.0	33.0	169.0	4.0	0.0	0.0	2.0	0.0	0.0	110.0	0.0	12.0	6.0	0.0	0.0	0.0	111.0	31.0	0.0	0.0
TW-DB-001	20.0	40.0	0.0	9.0	8.0	0.0	13.0	785.0	4.0	22.0	0.0	0.0	9.0	4.0	0.0	0.0	0.0	0.0	0.0	20.0	0.0	140.0	25.0	0.0	0.0	2147.0	0.0
TW-AQ-001	0.0	40.0	13.0	13.0	84.0	0.0	54.0	1.0	646.0	74.0	1.0	0.0	40.0	17.0	0.0	5.0	15.0	3.0	11.0	35.0	3.0	968.0	1.0	11.0	0.0	0.0	12.0
TW-CS-002	5.0	21.0	4.0	155.0	9.0	0.0	4.0	4.0	22.0	26.0	0.0	0.0	567.0	0.0	0.0	4.0	0.0	0.0	0.0	0.0	0.0	0.0	0.0	0.0	0.0	0.0	0.0
TW-BI-002	31.0	19.0	0.0	10.0	34.0	0.0	41.0	2.0	71.0	19.0	0.0	0.0	113.0	0.0	0.0	0.0	0.0	0.0	1.0	0.0	0.0	0.0	0.0	2.0	183.0	0.0	0.0
TW-CA-001	11.0	20.0	107.0	0.0	58.0	0.0	94.0	2.0	766.0	15.0	0.0	3.0	0.0	0.0	2.0	47.0	0.0	0.0	0.0	8.0	0.0	46.0	0.0	0.0	260.0	0.0	2.0
TW-BQ-002	96.0	13.0	6.0	0.0	155.0	0.0	2.0	5.0	993.0	0.0	0.0	0.0	4.0	0.0	0.0	2.0	3.0	0.0	0.0	12.0	0.0	76.0	1.0	2.0	396.0	0.0	8.0
TW-BA-001	7.0	42.0	23.0	8.0	31.0	1.0	69.0	8.0	148.0	18.0	0.0	7.0	0.0	0.0	0.0	1.0	0.0	0.0	0.0	1.0	0.0	1.0	0.0	0.0	141.0	1.0	0.0
TW-AM-002	0.0	169.0	430.0	0.0	430.0	0.0	8.0	1.0	242.0	40.0	12.0	17.0	0.0	48.0	0.0	4.0	48.0	2.0	0.0	0.0	0.0	4.0	0.0	43.0	244.0	4.0	0.0
TW-AT-001	220.0	24.0	3.0	3.0	196.0	5.0	94.0	2.0	225.0	22.0	0.0	0.0	0.0	3.0	2.0	6.0	0.0	0.0	0.0	8.0	0.0	169.0	0.0	0.0	0.0	0.0	0.0
TW-AM-001	0.0	0.0	362.0	0.0	51.0	0.0	0.0	0.0	0.0	0.0	21.0	0.0	0.0	1196.0	3.0	16.0	23.0	0.0	0.0	0.0	118.0	4.0	0.0	0.0	0.0	0.0	0.0
TW-DG-001	29.0	15.0	0.0	5.0	51.0	0.0	19.0	35.0	416.0	17.0	0.0	0.0	25.0	0.0	0.0	1.0	0.0	0.0	0.0	11.0	0.0	35.0	0.0	12.0	265.0	0.0	0.0
TW-CB-001	75.0	14.0	4.0	21.0	126.0	0.0	0.0	2.0	2210.0	0.0	0.0	3.0	15.0	0.0	0.0	0.0	4.0	0.0	0.0	16.0	0.0	58.0	3.0	4.0	0.0	0.0	3.0
TW-CC-001	178.0	738.0	5.0	71.0	405.0	0.0	237.0	548.0	27.0	22.0	0.0	0.0	0.0	1.0	0.0	0.0	4.0	0.0	0.0	0.0	0.0	0.0	0.0	11.0	6.0	1.0	0.0
TW-BU-001	0.0	272.0	8.0	0.0	441.0	0.0	0.0	3.0	0.0	1.0	0.0	0.0	5303.0	48.0	0.0	0.0	155.0	0.0	4.0	106.0	0.0	283.0	1.0	11.0	0.0	0.0	92.0
TW-CW-001	0.0	37.0	5.0	5.0	31.0	0.0	0.0	108.0	607.0	0.0	0.0	0.0	8.0	6.0	0.0	1.0	12.0	0.0	4.0	17.0	0.0	0.0	15.0	0.0	0.0	2191.0	19.0
TW-DQ-002	1.0	0.0	10.0	4.0	1.0	0.0	4.0	1.0	16.0	0.0	1.0	0.0	1.0	0.0	0.0	2.0	2.0	0.0	0.0	0.0	2.0	0.0	0.0	0.0	0.0	0.0	0.0
TW-DZ-001	0.0	0.0	12.0	23.0	3.0	0.0	2.0	7335.0	2.0	23.0	0.0	0.0	0.0	3.0	0.0	0.0	0.0	0.0	0.0	0.0	3.0	2.0	1.0	1.0	0.0	0.0	0.0
TW-DB-002	5.0	2.0	1.0	117.0	2.0	0.0	1.0	5.0	3.0	4.0	0.0	0.0	0.0	1.0	0.0	0.0	0.0	0.0	0.0	0.0	0.0	0.0	0.0	0.0	2.0	1.0	0.0
TW-AZ-002	28.0	19.0	1.0	0.0	73.0	0.0	40.0	2.0	712.0	43.0	0.0	1.0	5.0	0.0	0.0	2.0	39.0	0.0	0.0	27.0	0.0	119.0	0.0	2.0	440.0	0.0	0.0
TW-AK-002	14.0	47.0	2.0	3.0	33.0	0.0	47.0	1.0	803.0	54.0	0.0	0.0	121.0	0.0	0.0	2.0	0.0	0.0	0.0	1.0	0.0	0.0	0.0	35.0	351.0	0.0	0.0
TW-CI-001	639.0	61.0	325.0	2.0	216.0	0.0	0.0	1.0	259.0	0.0	3.0	0.0	913.0	21.0	0.0	11.0	93.0	3.0	0.0	5.0	5.0	15.0	21.0	0.0	125.0	0.0	0.0
CIR57-001	0.0	0.0	19.0	0.0	0.0	45.0	0.0	2321.0	0.0	0.0	0.0	0.0	0.0	0.0	2451.0	1.0	0.0	0.0	0.0	0.0	0.0	0.0	76.0	0.0	0.0	0.0	0.0
CIR42-002	0.0	2.0	2.0	14.0	10.0	0.0	3.0	7886.0	37.0	4.0	0.0	0.0	0.0	0.0	0.0	0.0	0.0	0.0	0.0	0.0	0.0	20.0	0.0	0.0	60.0	0.0	0.0
CIR55-003	5.0	57.0	338.0	1.0	173.0	56.0	91.0	246.0	184.0	130.0	13.0	1.0	137.0	0.0	7.0	21.0	0.0	0.0	0.0	6.0	0.0	60.0	0.0	0.0	36.0	0.0	3.0
CIR61-001	0.0	0.0	0.0	0.0	0.0	0.0	0.0	8970.0	0.0	0.0	0.0	3.0	0.0	0.0	0.0	2.0	0.0	5.0	0.0	0.0	0.0	0.0	0.0	0.0	0.0	0.0	0.0
CIR32-002	22.0	153.0	85.0	143.0	260.0	0.0	141.0	1.0	120.0	112.0	0.0	0.0	125.0	4.0	3.0	51.0	0.0	0.0	0.0	6.0	0.0	6.0	0.0	0.0	179.0	10.0	1.0
CIR51-001	0.0	3.0	8.0	0.0	42.0	0.0	0.0	5132.0	112.0	0.0	0.0	1.0	2.0	37.0	12.0	4.0	31.0	1.0	3.0	3.0	11.0	48.0	3.0	7.0	11.0	0.0	6.0
CIR5-006	1.0	54.0	6.0	14.0	462.0	0.0	0.0	76.0	4.0	34.0	2.0	1.0	51.0	6.0	0.0	1.0	128.0	1.0	0.0	12.0	44.0	175.0	1.0	0.0	693.0	0.0	35.0
CIR55-004	1.0	0.0	1.0	0.0	931.0	0.0	118.0	51.0	0.0	50.0	0.0	0.0	1295.0	2.0	0.0	0.0	33.0	110.0	3.0	2.0	1.0	46.0	0.0	0.0	0.0	0.0	48.0
CIR21-002	8.0	353.0	103.0	175.0	635.0	3.0	181.0	183.0	116.0	183.0	1.0	5.0	223.0	1.0	1.0	25.0	0.0	0.0	0.0	0.0	0.0	2.0	0.0	0.0	24.0	0.0	0.0
CIR53-001	0.0	0.0	61.0	0.0	1.0	33.0	0.0	3.0	0.0	0.0	0.0	1960.0	0.0	15.0	978.0	0.0	404.0	1537.0	33.0	0.0	32.0	0.0	13.0	0.0	0.0	0.0	0.0
CIR51-004	0.0	21.0	0.0	27.0	47.0	0.0	12.0	33.0	8.0	27.0	0.0	0.0	49.0	0.0	0.0	0.0	30.0	0.0	10.0	35.0	0.0	0.0	3.0	0.0	0.0	0.0	114.0
CIR32-001	0.0	1.0	117.0	0.0	1105.0	0.0	0.0	48.0	0.0	0.0	0.0	0.0	2517.0	9.0	0.0	0.0	13.0	5.0	0.0	4.0	6.0	321.0	0.0	0.0	0.0	0.0	339.0
CIR60-003	204.0	305.0	13.0	109.0	393.0	0.0	82.0	14.0	1315.0	0.0	0.0	0.0	0.0	1.0	0.0	4.0	19.0	1.0	0.0	0.0	0.0	1.0	2.0	0.0	0.0	0.0	14.0
CIR6-001	0.0	0.0	13.0	0.0	2.0	3335.0	0.0	0.0	0.0	0.0	0.0	0.0	0.0	158.0	0.0	0.0	695.0	0.0	0.0	1.0	235.0	1.0	2.0	5.0	0.0	0.0	0.0
CIR54-002	0.0	296.0	0.0	0.0	443.0	0.0	0.0	287.0	0.0	52.0	0.0	0.0	0.0	1.0	0.0	0.0	98.0	0.0	0.0	2.0	36.0	444.0	0.0	0.0	0.0	0.0	203.0
CIR52-003	220.0	203.0	4.0	0.0	455.0	0.0	2.0	19.0	0.0	0.0	0.0	0.0	5.0	0.0	0.0	2.0	24.0	0.0	0.0	19.0	0.0	24.0	2.0	0.0	0.0	0.0	17.0
CIR54-001	0.0	0.0	3.0	0.0	298.0	0.0	0.0	0.0	0.0	7.0	0.0	2.0	8.0	86.0	0.0	0.0	121.0	0.0	28.0	12.0	4.0	588.0	1.0	0.0	0.0	0.0	123.0
CIR16-001	0.0	119.0	483.0	7.0	185.0	0.0	170.0	3.0	6.0	733.0	10.0	0.0	5.0	49.0	0.0	15.0	0.0	0.0	0.0	0.0	0.0	0.0	0.0	0.0	6.0	0.0	0.0
CIR58-002	50.0	153.0	24.0	0.0	556.0	0.0	43.0	5.0	50.0	51.0	2.0	0.0	79.0	0.0	0.0	0.0	93.0	0.0	2.0	6.0	1.0	417.0	0.0	0.0	0.0	0.0	70.0
CIR16-002	1.0	209.0	747.0	1.0	716.0	0.0	272.0	0.0	1273.0	88.0	10.0	27.0	84.0	1.0	2.0	317.0	4.0	3.0	0.0	0.0	0.0	1.0	0.0	15.0	0.0	0.0	0.0
CIR23-001	0.0	0.0	27.0	0.0	2.0	0.0	0.0	4696.0	0.0	0.0	0.0	0.0	17.0	0.0	0.0	5.0	28.0	0.0	441.0	0.0	7.0	261.0	18.0	0.0	0.0	0.0	382.0
CIR58-001	121.0	0.0	4.0	1.0	2.0	89.0	0.0	3919.0	0.0	42.0	0.0	0.0	3084.0	29.0	0.0	0.0	5.0	0.0	0.0	0.0	0.0	888.0	12.0	0.0	0.0	0.0	0.0
CIR7-002	260.0	425.0	15.0	32.0	64.0	0.0	595.0	2.0	1.0	1822.0	3.0	0.0	494.0	0.0	0.0	3.0	0.0	0.0	0.0	0.0	0.0	1.0	0.0	0.0	3.0	0.0	0.0
CIR21-001	3.0	13.0	0.0	34.0	15.0	0.0	0.0	23.0	173.0	31.0	0.0	0.0	70.0	0.0	0.0	0.0	0.0	0.0	0.0	8.0	0.0	116.0	0.0	0.0	78.0	0.0	0.0
CIR41-002	0.0	18.0	27.0	1.0	24.0	0.0	5.0	1181.0	0.0	51.0	1.0	0.0	803.0	21.0	0.0	1.0	2.0	0.0	109.0	6.0	0.0	0.0	10.0	0.0	18.0	4.0	4.0
CIR26-001	0.0	759.0	2.0	0.0	1559.0	0.0	0.0	3794.0	10.0	0.0	3.0	0.0	0.0	14.0	0.0	3.0	204.0	0.0	0.0	0.0	0.0	2.0	0.0	0.0	0.0	0.0	0.0
CIR22-002	1.0	17.0	0.0	20.0	22.0	1.0	0.0	13.0	111.0	51.0	0.0	0.0	109.0	0.0	0.0	0.0	0.0	0.0	0.0	26.0	0.0	224.0	0.0	0.0	58.0	0.0	0.0
CIR52-001	0.0	0.0	90.0	0.0	671.0	2.0	77.0	219.0	0.0	0.0	0.0	4.0	0.0	19.0	0.0	29.0	65.0	0.0	50.0	0.0	54.0	1180.0	10.0	11.0	0.0	0.0	148.0
CIR53-002	16.0	195.0	1.0	28.0	159.0	0.0	36.0	9.0	2.0	16.0	0.0	0.0	516.0	0.0	0.0	0.0	19.0	0.0	3.0	21.0	0.0	733.0	2.0	3.0	0.0	351.0	0.0
CIR60-001	9.0	13.0	0.0	1.0	16.0	558.0	5.0	3449.0	24.0	5.0	1.0	7.0	2.0	0.0	76.0	0.0	0.0	18.0	0.0	0.0	0.0	75.0	0.0	0.0	20.0	0.0	2.0
CIR60-002	464.0	69.0	78.0	114.0	1254.0	456.0	115.0	26.0	0.0	185.0	0.0	0.0	26.0	11.0	26.0	36.0	56.0	21.0	0.0	0.0	4.0	9.0	0.0	0.0	0.0	0.0	0.0
CIR51-003	27.0	162.0	6.0	9.0	154.0	0.0	38.0	0.0	1270.0	23.0	0.0	57.0	42.0	0.0	3.0	5.0	0.0	1.0	0.0	8.0	0.0	1.0	0.0	1.0	369.0	0.0	0.0
CIR19-002	0.0	0.0	5.0	93.0	2.0	0.0	0.0	2.0	121.0	24.0	0.0	0.0	728.0	31.0	0.0	0.0	2.0	0.0	33.0	15.0	0.0	44.0	0.0	9.0	2.0	0.0	2.0
CIR18-001	0.0	297.0	9.0	0.0	1972.0	0.0	140.0	38.0	16.0	217.0	16.0	3.0	0.0	0.0	2.0	2.0	0.0	0.0	0.0	0.0	0.0	0.0	0.0	0.0	3.0	0.0	0.0
CIR4-002	48.0	20.0	0.0	5.0	25.0	0.0	6.0	1.0	277.0	71.0	0.0	0.0	60.0	1.0	0.0	0.0	0.0	0.0	0.0	24.0	0.0	159.0	0.0	13.0	14.0	72.0	0.0
CIR57-002	0.0	382.0	4.0	193.0	757.0	0.0	217.0	0.0	1397.0	122.0	0.0	0.0	174.0	11.0	0.0	2.0	22.0	0.0	0.0	7.0	0.0	3.0	2.0	2.0	60.0	0.0	1.0
CIR42-001	0.0	0.0	17.0	0.0	0.0	0.0	0.0	6829.0	0.0	0.0	0.0	21.0	1066.0	0.0	105.0	16.0	0.0	41.0	0.0	0.0	0.0	0.0	0.0	0.0	0.0	0.0	0.0
CIR61-002	0.0	165.0	8.0	421.0	59.0	0.0	71.0	33.0	144.0	38.0	0.0	3.0	54.0	0.0	0.0	0.0	0.0	0.0	3.0	24.0	0.0	123.0	0.0	10.0	159.0	0.0	3.0
CIR20-001	0.0	0.0	2.0	2.0	300.0	0.0	0.0	7435.0	0.0	0.0	0.0	0.0	0.0	108.0	1.0	0.0	208.0	0.0	11.0	0.0	12.0	0.0	12.0	126.0	0.0	4.0	0.0
CIR20-002	12.0	362.0	66.0	15.0	546.0	0.0	168.0	5.0	152.0	178.0	9.0	0.0	27.0	0.0	2.0	34.0	1.0	0.0	0.0	0.0	0.0	12.0	0.0	0.0	175.0	45.0	0.0
CIR51-005	0.0	135.0	6.0	67.0	699.0	0.0	91.0	11.0	154.0	57.0	0.0	0.0	45.0	21.0	0.0	0.0	1.0	0.0	0.0	32.0	3.0	11.0	1.0	0.0	5.0	0.0	15.0
CIR4-003	15.0	51.0	0.0	33.0	2.0	50.0	8.0	4089.0	5.0	40.0	0.0	0.0	297.0	0.0	0.0	0.0	0.0	0.0	0.0	0.0	0.0	0.0	0.0	0.0	3.0	0.0	0.0
CIR18-002	441.0	154.0	73.0	56.0	87.0	0.0	227.0	4.0	41.0	340.0	1.0	0.0	1.0	0.0	0.0	4.0	0.0	0.0	0.0	0.0	0.0	3.0	0.0	0.0	0.0	4.0	0.0
CIR41-001	0.0	13.0	602.0	55.0	4.0	0.0	3.0	0.0	15.0	119.0	13.0	2.0	958.0	0.0	0.0	476.0	0.0	0.0	0.0	0.0	0.0	0.0	0.0	0.0	11.0	0.0	0.0
CIR63-002	0.0	101.0	5.0	0.0	240.0	0.0	85.0	25.0	717.0	38.0	0.0	2.0	3.0	0.0	0.0	2.0	0.0	0.0	0.0	1.0	0.0	34.0	0.0	0.0	235.0	0.0	0.0
CIR19-001	0.0	276.0	134.0	10.0	169.0	16.0	67.0	1379.0	6.0	0.0	15.0	0.0	2157.0	13.0	0.0	55.0	17.0	0.0	11.0	2.0	4.0	0.0	1.0	26.0	9.0	0.0	0.0
CIR5-001	0.0	0.0	2.0	0.0	1398.0	1578.0	0.0	2.0	26.0	0.0	1.0	3.0	18.0	4.0	1.0	2.0	247.0	1.0	3.0	0.0	43.0	212.0	6.0	0.0	0.0	0.0	145.0
CIR55-002	0.0	62.0	6.0	1.0	175.0	0.0	41.0	24.0	11.0	63.0	0.0	0.0	680.0	0.0	0.0	1.0	0.0	0.0	3.0	42.0	0.0	595.0	2.0	0.0	234.0	0.0	11.0
CIR26-002	0.0	42.0	54.0	9.0	966.0	0.0	0.0	1.0	1.0	144.0	1.0	0.0	0.0	58.0	0.0	0.0	13.0	0.0	0.0	19.0	16.0	0.0	10.0	13.0	6.0	0.0	5.0
CIR5-002	0.0	0.0	96.0	271.0	726.0	402.0	0.0	1169.0	0.0	0.0	5.0	1.0	2.0	69.0	0.0	16.0	289.0	4.0	0.0	2.0	594.0	1.0	61.0	0.0	0.0	0.0	0.0
CIR55-001	0.0	48.0	250.0	0.0	77.0	21.0	7.0	12.0	491.0	14.0	5.0	132.0	297.0	8.0	348.0	40.0	5.0	0.0	2.0	2.0	0.0	195.0	0.0	12.0	0.0	0.0	4.0
CIR7-001	452.0	649.0	7.0	11.0	1005.0	8.0	438.0	2.0	24.0	247.0	0.0	0.0	0.0	0.0	0.0	6.0	0.0	0.0	0.0	0.0	0.0	0.0	0.0	0.0	0.0	0.0	0.0
